=== Unified WP API Scraper ===
Starting 7 WP API scrapers with max_workers=3...
[dailytrust] Fetching category mapping...
[businessday] Fetching category mapping...
[punch] Fetching category mapping...
[businessday] Successfully mapped 0 categories.
[businessday] Fetching API page 1...
Failed to fetch page 1. Status: 401
Finished businessday! Scraped 0 new articles.
[2026-07-06 09:57:33] [WP_API:BUSINESSDAY] SUCCESS - Time: 1.47s | Articles: 0
[guardian] Fetching category mapping...
[dailytrust] Successfully mapped 201 categories.
[dailytrust] Fetching API page 1...
[guardian] Successfully mapped 166 categories.
[guardian] Fetching API page 1...
[punch] Successfully mapped 277 categories.
[punch] Fetching API page 1...
[dailytrust] Fetching API page 2...
[guardian] Fetching API page 2...
[punch] Fetching API page 2...
[dailytrust] Fetching API page 3...
[dailytrust] Fetching API page 4...
[guardian] Fetching API page 3...
[punch] Fetching API page 3...
[dailytrust] Fetching API page 5...
[guardian] Fetching API page 4...
[punch] Fetching API page 4...
[dailytrust] Fetching API page 6...
[guardian] Fetching API page 5...
[punch] Fetching API page 5...
[dailytrust] Fetching API page 7...
[guardian] Fetching API page 6...
[dailytrust] Fetching API page 8...
[punch] Fetching API page 6...
[guardian] Fetching API page 7...
[dailytrust] Fetching API page 9...
[punch] Fetching API page 7...
[guardian] Fetching API page 8...
[dailytrust] Fetching API page 10...
[guardian] Fetching API page 9...
[punch] Fetching API page 8...
[dailytrust] Fetching API page 11...
[guardian] Fetching API page 10...
[punch] Fetching API page 9...
[dailytrust] Fetching API page 12...
[guardian] Fetching API page 11...
[dailytrust] Fetching API page 13...
[punch] Fetching API page 10...
-> Reached time limit (2026-06-22T08:26:21). Stopping.
[guardian] Fetching API page 12...
Finished dailytrust! Scraped 1239 new articles.
[2026-07-06 09:58:01] [WP_API:DAILYTRUST] SUCCESS - Time: 29.47s | Articles: 1239
[thisday] Fetching category mapping...
[punch] Fetching API page 11...
[guardian] Fetching API page 13...
[thisday] Successfully mapped 24 categories.
[thisday] Fetching API page 1...
[punch] Fetching API page 12...
[guardian] Fetching API page 14...
[guardian] Fetching API page 15...
[punch] Fetching API page 13...
[thisday] Fetching API page 2...
[guardian] Fetching API page 16...
[punch] Fetching API page 14...
[thisday] Fetching API page 3...
[guardian] Fetching API page 17...
[punch] Fetching API page 15...
[guardian] Fetching API page 18...
[thisday] Fetching API page 4...
[punch] Fetching API page 16...
[guardian] Fetching API page 19...
[thisday] Fetching API page 5...
[punch] Fetching API page 17...
[guardian] Fetching API page 20...
-> Encountered last remembered GUID (https://guardian.ng/?p=2866488). Stopping delta scrape.
Finished guardian! Scraped 1916 new articles.
[2026-07-06 09:58:23] [WP_API:GUARDIAN] SUCCESS - Time: 50.07s | Articles: 1916
[instablog9ja] Fetching category mapping...
[thisday] Fetching API page 6...
[punch] Fetching API page 18...
[instablog9ja] Successfully mapped 6 categories.
[instablog9ja] Fetching API page 1...
[punch] Fetching API page 19...
[thisday] Fetching API page 7...
[punch] Fetching API page 20...
-> Encountered last remembered GUID (https://instablog9ja.com/?p=320007). Stopping delta scrape.
[thisday] Fetching API page 8...
Finished instablog9ja! Scraped 2 new keyword-matching articles.
[2026-07-06 09:58:30] [WP_API:INSTABLOG9JA] SUCCESS - Time: 7.40s | Articles: 2
[channelstv] Fetching category mapping...
[punch] Fetching API page 21...
[thisday] Fetching API page 9...
[punch] Fetching API page 22...
[punch] Fetching API page 23...
[thisday] Fetching API page 10...
[punch] Fetching API page 24...
[thisday] Fetching API page 11...
[punch] Fetching API page 25...
[thisday] Fetching API page 12...
[punch] Fetching API page 26...
[punch] Fetching API page 27...
[thisday] Fetching API page 13...
[punch] Fetching API page 28...
[thisday] Fetching API page 14...
[punch] Fetching API page 29...
-> Reached time limit (2026-06-22T08:14:16). Stopping.
[thisday] Fetching API page 15...
Finished punch! Scraped 2807 new articles.
[2026-07-06 09:58:55] [WP_API:PUNCH] SUCCESS - Time: 84.29s | Articles: 2807
[thisday] Fetching API page 16...
[thisday] Fetching API page 17...
-> Reached time limit (2026-06-22T03:40:46). Stopping.
Finished thisday! Scraped 1622 new articles.
[2026-07-06 09:59:06] [WP_API:THISDAY] SUCCESS - Time: 65.54s | Articles: 1622
Error fetching categories page 1: HTTPSConnectionPool(host='www.channelstv.com', port=443): Read timed out.
[channelstv] Successfully mapped 0 categories.
[channelstv] Fetching API page 1...
[channelstv] Fetching API page 2...
[channelstv] Fetching API page 3...
[channelstv] Fetching API page 4...
[channelstv] Fetching API page 5...
-> Encountered last remembered GUID (https://www.channelstv.com/?p=1036812). Stopping delta scrape.
Finished channelstv! Scraped 437 new articles.
[2026-07-06 10:03:01] [WP_API:CHANNELS TV] SUCCESS - Time: 270.96s | Articles: 437

=== All Done! Deep Scraped 8023 total new articles across 7 WP sites. ===
=== NGN News RSS Feed Scrapers ===
Manual Mode: False
Time Threshold: 2026-06-22 09:03:01.761362+00:00
Initializing RSS scrapers...
Loaded 6 RSS scrapers.
Starting full RSS data extraction with max_workers=3...
--------------------------------------------------
[arise] Fetching page 1...
[leadership] Fetching page 1...
[premiumtimes] Fetching page 1...
[premiumtimes] Found 5 links. Extracting metadata...
[arise] Found 20 links. Extracting metadata...
   [+] Fetched: FG Deploys N10bn Medical Intervention To Strengthe...
   [+] Fetched: Port Harcourt Road, Aba: Between illusion of flag-...
   [+] Fetched: Delta Plane Struck By Firework While Landing In Ch...
   [+] Fetched: ‘The Jewel’ Returns To Eko Hotels, Offering A Stun...
[leadership] Found 5 links. Extracting metadata...
   [+] Fetched: Misa Wasn’t A Good Man! Intent behind his 36-apart...
   [+] Fetched: Nigeria, Guinea-Bissau Strengthen Defence Ties At ...
   [+] Fetched: Tinubu Using Road Projects To Fight Insecurity, Sa...
   [+] Fetched: NSC Confirms Dimkpa As Nigeria Karate Federation P...
   [+] Fetched: ‘We either win or we learn’ – Carlos Queiroz bids ...
   [+] Fetched: FG Seeks Lasting Settlement To Abia, Anambra Bound...
   [+] Fetched: Monarch, Ekiti Community Commend Oyebanji Over Rel...
   [+] Fetched: Robbers Kill Technician In Ondo...
   [+] Fetched: Para Swimming: Adeyemi unveils ambitious revival p...
   [+] Fetched: Bamidele Insists State Police Bill Strengthens Sec...
   [+] Fetched: HURIWA Urges INEC To Clarify PDP Candidates Access...
   [+] Fetched: Why I Exposed Nigeria’s Kidnapping Crisis on World...
   [+] Fetched: Reps deputy spokesperson urges halt to NYSC reform...
[premiumtimes] Fetching page 2...
   [+] Fetched: Dangote Cement Plans 20% Emissions Cut, 80 Million...
[premiumtimes] does not support pagination. Stopping at page 1.
[2026-07-06 10:03:16] [STANDALONE:PREMIUMTIMES] SUCCESS - Time: 14.43s | Articles: 5

=== Finished! Saved 5 articles to /home/seyi/Documents/Antigravity/NGN site/scraper/data/premiumtimes_data_2026-07-06_10-03-01.csv ===
[2026-07-06 10:03:16] [RSS:PREMIUMTIMESSCRAPER] SUCCESS - Time: 14.44s
[thecable] Fetching page 1...
   [+] Fetched: Afreximbank Pledges Fresh Investment As AMCE Marks...
   [+] Fetched: Court Jails Woman 5 Years For Trafficking Underage...
[thecable] Found 10 links. Extracting metadata...
   [+] Fetched: CPPE Says Nigeria Entering H2 2026 With Strongest ...
   [+] Fetched: Army chief: Tremendous progress made in rescue of ...
   [+] Fetched: Congressman Says US To Closely Monitor Nigeria’s 2...
   [+] Fetched: Activists Urge Tinubu To Prosecute Ex-Minister Ove...
[leadership] Fetching page 2...
   [+] Fetched: Rykardo Agbor: My wife and I were childless for 18...
   [+] Fetched: England Defeat Mexico 3-2 To Reach World Cup Quart...
   [+] Fetched: Obasanjo: Babalolaâs emergence as Rotary Interna...
   [+] Fetched: UEFA Weighs Response As FIFA’s Balogun Ban Reversa...
   [+] Fetched: State police: Fallacies of sceptics...
   [+] Fetched: Erling Haaland Brace Gives Norway 2-1 Win Over Bra...
   [+] Fetched: FIFA Clears Folarin Balogun To Face Belgium After ...
   [+] Fetched: The AI brutality: Could the world do with a little...
[leadership] does not support pagination. Stopping at page 1.
[2026-07-06 10:03:25] [STANDALONE:LEADERSHIP] SUCCESS - Time: 23.81s | Articles: 5

=== Finished! Saved 5 articles to /home/seyi/Documents/Antigravity/NGN site/scraper/data/leadership_data_2026-07-06_10-03-01.csv ===
[2026-07-06 10:03:25] [RSS:LEADERSHIPSCRAPER] SUCCESS - Time: 23.82s
[tribune] Fetching page 1...
   [+] Fetched: Aisha Buhari Begins Construction Of Computer Scien...
   [+] Fetched: CPPE: Election spending, insecurity may derail Nig...
   [+] Fetched: Venezuela Solidarity Group Urges US To Lift Sancti...
   [+] Fetched: NESG: Despite cost pressure, manufacturing and tra...
   [+] Fetched: NDLEA Arrests Grandma, PhD Student in Major Cocain...
[arise] Fetching page 2...
[tribune] Found 5 links. Extracting metadata...
   [+] Fetched: 'Surrender or face the law' -- Dauda Lawal says Za...
[arise] Found 20 links. Extracting metadata...
   [+] Fetched: Folarin Balogun available for US-Belgium game as F...
   [+] Fetched: Oyebanji Warns Against Politicising Security Durin...
   [+] Fetched: IN DETAIL: Stock market traders exchange N154bn sh...
[thecable] Fetching page 2...
   [+] Fetched: From oil producer to energy state: What the IEA me...
   [+] Fetched: Finance Ministry Says Claims Of N8trn Shadow Spend...
[thecable] Found 10 links. Extracting metadata...
   [+] Fetched: Prof Akam: NUC Confirmed Missionaries Own Tansian ...
   [+] Fetched: Newspaper headlines: FG secures $11.4bn World Bank...
   [+] Fetched: Ekiti guber: PDP candidate begins legal, political...
   [+] Fetched: Trump Pardons 11 Convicted In Clean Air Act And Fr...
   [+] Fetched: World Cup: 10-man England survive Mexico's high al...
   [+] Fetched: Sawyerr: We’re Investigating 34 Institutions Over ...
   [+] Fetched: Troops repel terrorist ambush after IED explosion ...
   [+] Fetched: Aniekan Umana: Akwa Ibom Has Allocated 74% Of Its ...
   [+] Fetched: ECU survival checklist: How to drive through high ...
   [+] Fetched: Court reserves ruling in Times Multimedia's suit a...
   [+] Fetched: Bauchi Mourns As Ex-Deputy Governor’s Children, Ba...
   [+] Fetched: DOGE, Elon Musk-led agency behind mass US governme...
   [+] Fetched: Trump Uses US 250th Anniversary Speech To Renew Vo...
   [+] Fetched: Tinubu praises Rotaryâs role in polio eradicatio...
   [+] Fetched: VIDEO: ‘I make N2.5m monthly,’ Corn seller’s viral...
   [+] Fetched: Taylor Swift Marries Travis Kelce At Madison Squar...
   [+] Fetched: I've told God I won't seek re-election, says Ebony...
   [+] Fetched: Injury Forces Serena Williams Out Of Wimbledon Dou...
   [+] Fetched: Oyebanji visits rescued worshippers in hospital, v...
   [+] Fetched: India sends stern warning to WhatsApp over usernam...
[tribune] Fetching page 2...
   [+] Fetched: CSMN To Tinubu: Caution Muslim Extremists Before T...
[tribune] does not support pagination. Stopping at page 1.
[2026-07-06 10:03:43] [STANDALONE:TRIBUNE] SUCCESS - Time: 17.92s | Articles: 5

=== Finished! Saved 5 articles to /home/seyi/Documents/Antigravity/NGN site/scraper/data/tribune_data_2026-07-06_10-03-25.csv ===
[2026-07-06 10:03:43] [RSS:TRIBUNESCRAPER] SUCCESS - Time: 17.92s
[vanguard] Fetching page 1...
   [+] Fetched: Report: White House called Infantino to review Fol...
   [+] Fetched: Kayinsola Ajayi Wins Diamond League 100m, Equals N...
   [+] Fetched: NYSC reform will equip graduates with market-ready...
[thecable] Fetching page 3...
   [+] Fetched: WHO Warns As Bundibugyo Ebola Outbreak Kills 454, ...
[vanguard] Found 5 links. Extracting metadata...
[thecable] Found 10 links. Extracting metadata...
   [+] Fetched: FG Seeks Probe, Compensation Over Death Of Nigeria...
   [+] Fetched: Army chief: Tremendous progress made in rescue of ...
   [+] Fetched: Turaki-Led PDP Urges Aspirants To Stay Calm Over I...
   [+] Fetched: No Title...
   [+] Fetched: Rykardo Agbor: My wife and I were childless for 18...
   [+] Fetched: Nigeria Warns South Africa Over Killings Of Citize...
   [+] Fetched: IPI, CPJ Demand Immediate Release Of Detained Jour...
   [+] Fetched: Obasanjo: Babalolaâs emergence as Rotary Interna...
   [+] Fetched: No Title...
   [+] Fetched: INEC Extends Continuous Voter Registration By Two ...
   [+] Fetched: State police: Fallacies of sceptics...
   [+] Fetched: Army Chief Shaibu Pushes AI, Technology-Driven Str...
   [+] Fetched: The AI brutality: Could the world do with a little...
   [+] Fetched: 67 Days After Ekiti Church Abduction, Worshippers ...
[arise] Fetching page 3...
   [+] Fetched: No Title...
   [+] Fetched: CPPE: Election spending, insecurity may derail Nig...
[arise] Found 20 links. Extracting metadata...
   [+] Fetched: NESG: Despite cost pressure, manufacturing and tra...
   [+] Fetched: NiMet Warns 27 States Of Flash Flood Risk As Peak ...
   [+] Fetched: No Title...
   [+] Fetched: 'Surrender or face the law' -- Dauda Lawal says Za...
   [+] Fetched: Peter Obi Blames Leadership Failure, Insecurity Fo...
   [+] Fetched: Folarin Balogun available for US-Belgium game as F...
   [+] Fetched: Atiku Urges EFCC, ICPC To Probe Alleged N8.8tn Off...
   [+] Fetched: No Title...
[vanguard] Fetching page 2...
   [+] Fetched: IN DETAIL: Stock market traders exchange N154bn sh...
[thecable] Fetching page 4...
   [+] Fetched: PenCom Expands PFAs’ Investment Options, Extends R...
[vanguard] does not support pagination. Stopping at page 1.
[2026-07-06 10:03:59] [STANDALONE:VANGUARD] SUCCESS - Time: 16.18s | Articles: 5

=== Finished! Saved 5 articles to /home/seyi/Documents/Antigravity/NGN site/scraper/data/vanguard_data_2026-07-06_10-03-43.csv ===
[2026-07-06 10:03:59] [RSS:VANGUARDSCRAPER] SUCCESS - Time: 16.18s
[thecable] Found 10 links. Extracting metadata...
   [+] Fetched: Fashola: Lagos Cut Land Price To Secure Dangote Re...
   [+] Fetched: China frees underground pastor from prison after T...
   [+] Fetched: A CRY FOR HELP: Inside Abuja rural schools where p...
   [+] Fetched: Tinubu Reaffirms Commitment To Interfaith Harmony,...
   [+] Fetched: OAU wins inaugural Moot Court competition...
   [+] Fetched: Buoyed By CBN Reforms, Strong Earnings, Market Cap...
   [+] Fetched: Jaiye Kuti: Recouping one's investment in film pro...
   [+] Fetched: Iran Mourners Demand Revenge As US Nuclear Talks R...
   [+] Fetched: LPDC rejects application to strike out misconduct ...
   [+] Fetched: Mbappe Penalty Sends France Into World Cup Quarter...
   [+] Fetched: The philosophy of logic in war...
   [+] Fetched: Former IGP Abba Dumps APC For PDP, Declares Jigawa...
   [+] Fetched: My salute to iya alakara...
   [+] Fetched: Arabambi Gives Peter Obi Seven Days To Retract All...
   [+] Fetched: 'Derogatory and unprofessional' -- FG faults S'Afr...
   [+] Fetched: FG Flags Off Rehabilitation Of Key Borno Roads To ...
   [+] Fetched: Two more Nigerians killed in South Africa followin...
   [+] Fetched: Morocco Thrash Canada 3-0 To Reach World Cup Quart...
   [+] Fetched: Turaki-led PDP to Tinubu: Order forensic probe int...
[thecable] Fetching page 5...
   [+] Fetched: Bayern Sign German Defender Nathaniel Brown From F...
[thecable] Found 10 links. Extracting metadata...
   [+] Fetched: Report: Donald Trump Weighs Clemency For Sean ‘Did...
   [+] Fetched: Uba Sani: We won't demolish properties for public ...
   [+] Fetched: Fubara Lauds Army Chief, Reaffirms Support For Sec...
   [+] Fetched: PenCom reviews guidelines for PFAs to invest in cu...
   [+] Fetched: Kwankwasiyya Urges FG To Publish Full PFIPC Detail...
   [+] Fetched: A tribute to Prince Nazir Ado Ibrahim...
   [+] Fetched: Tinubu Congratulates Customs Boss Adeniyi On Re-El...
   [+] Fetched: ‘No Compensation, Show Us the Drug Dens,’ South Af...
   [+] Fetched: 'You should have provided evidence' -- FG says IMF...
   [+] Fetched: Arias Strikes As Colombia Beat Ghana 1-0 To Reach ...
[arise] Fetching page 4...
   [+] Fetched: NDLEA arrests Nigerian-British grandma with cocain...
[arise] Found 20 links. Extracting metadata...
   [+] Fetched: National security and the role of the military ind...
   [+] Fetched: Zulum Clears Gratuity Backlog With N5.81bn Payout,...
   [+] Fetched: Flooding could persist till September, contaminate...
   [+] Fetched: ‘Score Many Goals In First Five Minutes’: Badenoch...
   [+] Fetched: Getting the diagnosis right: Reflections on Nigeri...
   [+] Fetched: First Bank Failed To Meet MoU Obligations To GHL, ...
   [+] Fetched: Again, Obi asks Tinubu to resign, cites IMF off-bu...
   [+] Fetched: Iyadunni Gbadebo: Theatre Has Become Major Driver ...
   [+] Fetched: Waziri Adio: Oversight failures by national assemb...
[thecable] Fetching page 6...
   [+] Fetched: Kenneth Okonkwo: No South-East ADC Member Was Elig...
[thecable] Found 10 links. Extracting metadata...
   [+] Fetched: Aisha Sesay Returns To CNN Screens On African Voic...
   [+] Fetched: 'We were shortchanged' -- Mokwa flood victims alle...
   [+] Fetched: Gunmen Kill Former Benue SSG David Salifu In Tarab...
   [+] Fetched: Macbeth in Abuja: Shakespeare's warning against th...
   [+] Fetched: Emefiele Trial: Obazee Wants Boss Mustapha, CBN Bo...
   [+] Fetched: Toolz: My directorial debut film set for release t...
   [+] Fetched: Dumo Lulu-Briggs Demands Urgent Response To Bille ...
   [+] Fetched: Blessing Onwukwe, Idia Aisien, Pearl Shim… TCL’s c...
   [+] Fetched: Peter Obi: Nigeria Needs Fundamental Education Ref...
   [+] Fetched: The microeconomic mirage: Deconstructing the paper...
   [+] Fetched: Edo Police Arrests 77 Suspects, Rescues 38 Kidnap ...
   [+] Fetched: Civilians injured as troops repel terrorist attack...
   [+] Fetched: Saraki Heads To Appeal Court After Jurisdiction Bi...
   [+] Fetched: Tinubu Commends Wike For Delivering Roads To Renew...
   [+] Fetched: Tinubu hosts Vatican envoy, seeks Pope Leo's visit...
   [+] Fetched: Cardoso To Banks: Deploy Recapitalisation Funds To...
   [+] Fetched: Ajayi stuns world champion Seville to win 100m at ...
   [+] Fetched: NNPC, Partners Begin Port Harcourt, Warri Refinery...
   [+] Fetched: Public service in challenging times: Rethinking pr...
   [+] Fetched: Delta To Hire Teachers, Moves 13th Month Salary In...
   [+] Fetched: Gbajabiamila on the crucifix...
[thecable] Fetching page 7...
   [+] Fetched: ADC Judgment Clears Tinubu Of Judiciary Interferen...
[thecable] Found 10 links. Extracting metadata...
   [+] Fetched: 2027: INEC Extends CVR Exercise By Two Weeks...
   [+] Fetched: Newspaper Headlines: APC faces internal revolt ove...
   [+] Fetched: European Bank For Reconstruction And Development T...
   [+] Fetched: Joshua Ocheja: Strategic thinking, not firepower w...
   [+] Fetched: US Troop Drawdown Raises Concerns Over Nigeria’s C...
[arise] Fetching page 5...
   [+] Fetched: Nedu Wazobia: Why I left 'The Honest Bunch' podcas...
[arise] Found 20 links. Extracting metadata...
   [+] Fetched: Egypt Beat Australia On Penalties To Reach World C...
   [+] Fetched: âI started my ICAN journey at 13â â Nigeriaâ...
   [+] Fetched: Umar Yakubu: Presidency’s Statement On Fake Agency...
   [+] Fetched: Morocco ease past Canada to reach consecutive Worl...
   [+] Fetched: Mohammed Haruna: INEC Has Received Over N500bn For...
   [+] Fetched: Pushing for reform amid global sovereign debt cris...
   [+] Fetched: FG Completes Evacuation Of 801 Nigerians From Sout...
   [+] Fetched: 'It was comedic remark, not a title' — Ooni clarif...
   [+] Fetched: UNHCR Warns Lake Chad Crisis Worsening After 1,800...
   [+] Fetched: Tactical indiscipline, poor substitutions... how A...
   [+] Fetched: Yusuf Flags Off Subsidised Fertiliser Distribution...
   [+] Fetched: Atiku asks EFCC, ICPC to probe IMF's claim of Nige...
   [+] Fetched: PEBEC Targets Seamless Digital Government As 98% O...
   [+] Fetched: PHOTOS: Sanwo-Olu, Obaigbena, Utomi attend US cons...
[thecable] Fetching page 8...
   [+] Fetched: Kano Tops ECOWAS Education Spending Rankings In Un...
[thecable] Found 10 links. Extracting metadata...
   [+] Fetched: Messi Scores As Argentina Survive Cape Verde Scare...
   [+] Fetched: 'I didn't stutter' -- S'African minister insists n...
   [+] Fetched: Jimmy Abia: Internal Party Matters Should Not Ordi...
   [+] Fetched: Orji Kalu to Abia supporters: Don't waste your vot...
   [+] Fetched: NDLEA Warns Nigerians Against Fake Vehicle Auction...
   [+] Fetched: Police rescue Ekiti church worshippers abducted du...
   [+] Fetched: NDC: Sack Gbajabiamila Now Over Fake Agency, Sale ...
   [+] Fetched: Tinubu's aide: Insiders enabled PFIPC scandal â ...
   [+] Fetched: Army Day: COAS Shaibu Inaugurates Projects, Reaffi...
   [+] Fetched: Amosun endorses Solomon Adeola for Ogun guber, say...
   [+] Fetched: Army Chief Shaibu Reaffirms Soldier-First Policy, ...
   [+] Fetched: Otedola's 'Making It Big' named runner-up for BCA ...
   [+] Fetched: Ojukwu Varsity VC Defends Dismissal of Lecturers, ...
   [+] Fetched: Amotekun operative arrested over 'accidental' shoo...
   [+] Fetched: NFF Commends FG Over Nigeria Anti-Doping Board Ina...
   [+] Fetched: Report: Trump mulls granting clemency to Diddy - T...
   [+] Fetched: ECOWAS Expands Disability Inclusion Programme, Don...
   [+] Fetched: Investor confidence, institutional credibility, an...
   [+] Fetched: Nigerian Filmmaker Donald Iheonunekwu Wins Interna...
   [+] Fetched: Taylor Swift, Travis Kelce tie the knot at Madison...
[thecable] Fetching page 9...
   [+] Fetched: Defence Minister Musa Seeks Unified Strategy To Pr...
[thecable] Found 10 links. Extracting metadata...
   [+] Fetched: Two NASS Letters To Alleged Fake Agency Surface Am...
[arise] Fetching page 6...
[arise] Found 20 links. Extracting metadata...
   [+] Fetched: Karl Toriola: Tariff Increase Was An Absolute Nece...
   [+] Fetched: Viral Ghana flood videos dey falsely linked to Nig...
   [+] Fetched: Troops Repel Katsina Terror Attacks, Rescue Abduct...
   [+] Fetched: Hillard Etta: NYSC Reforms Will Scale Up Skill Acq...
   [+] Fetched: Bidiyon ambaliyar ruwa na Ghana danganta shi da Na...
   [+] Fetched: Sam Amadi: NYSC Has Fundamentally Failed, Needs De...
   [+] Fetched: US Withdraws Military Forces From Joint Counter-Te...
   [+] Fetched: Ị́hé ńgósị́ ị́dé mmị́rị́ Ghana kà á sị̀rị̀ n'ósị́t...
   [+] Fetched: UN Warns Of Looming Human Rights Catastrophe In Su...
   [+] Fetched: Fídíò ìkún omi tó ṣẹlẹ̀ ní Ghana ni àwọn ènìyàn ń ...
   [+] Fetched: Instagram Approved Paid Adverts Promoting Child Se...
   [+] Fetched: ASUU threatens showdown in Ondo over unpaid lectur...
   [+] Fetched: Ayo Omotayo: NIPSS Attackers Yet To Be Identified ...
   [+] Fetched: EU Lawmaker Who Probed Spyware Abuse Was Targeted ...
   [+] Fetched: Yes, Uba Sani is right: Tinubu is reworking Nigeri...
   [+] Fetched: Monday Ubani: Consensus Candidacies Being Abused B...
   [+] Fetched: Curbing youthful exuberance: Lessons from the Ondo...
   [+] Fetched: Ooni, INEC Rally Against Electoral Violence Ahead ...
   [+] Fetched: Put a price on terror: Why Nigeria should place bo...
   [+] Fetched: Man Rescued Alive After Eight Days Beneath Venezue...
   [+] Fetched: Beyond the infographics: Why economic reforms succ...
   [+] Fetched: Supreme Court Orders Release Of Crude Aboard FPSO ...
   [+] Fetched: Adewale Adeniyi re-elected as WCO council chair fo...
[thecable] Fetching page 10...
   [+] Fetched: APC Primary Breached Party Guidelines, I Won Ekiti...
[thecable] Found 10 links. Extracting metadata...
   [+] Fetched: Oil Below $80 Per Barrel Threatens Nigeria’s 2026 ...
   [+] Fetched: State police and the politics of selective outrage...
   [+] Fetched: Iran Plans Mass Funeral For Khamenei As Authoritie...
   [+] Fetched: Mary Njoku: 'Olodo uprising' sparked by Nigeria's ...
   [+] Fetched: Lawyer Defends Wike’s Housing Initiative for Judge...
   [+] Fetched: âVery rich outlineâ â Tinubu commends Oluseg...
   [+] Fetched: NIPSS Repels Second Armed Attack In One Week On In...
   [+] Fetched: Across River Forcados: Ignored early warnings, unr...
   [+] Fetched: Akin Ogunsola: Nigeria Needs Over 1,000 Microfinan...
   [+] Fetched: Senators, reps grapple with faulty e-voting device...
   [+] Fetched: Nigeria Cuts Vehicle Import Levies, Launches Green...
[arise] Fetching page 7...
   [+] Fetched: EXTRA: 11 kidnap victims in Edo escape after their...
[arise] Found 20 links. Extracting metadata...
   [+] Fetched: Lagos Dismisses Misleading HIV Report, Says Respon...
   [+] Fetched: PREVIEW: Morocco carry Africa's hopes into Canada ...
   [+] Fetched: EFCC Witness Says Emefiele Did Not Benefit From Al...
   [+] Fetched: Buhari, Boss Mustapha should have been prosecuted ...
   [+] Fetched: Nagelsmann Resigns As Germany Coach After Shock Wo...
   [+] Fetched: 'Show us drug dens of Nigerians' â S'Africa reje...
   [+] Fetched: US-Nigeria Trade Climbs 14% To Nearly $15 Billion ...
   [+] Fetched: TCL radio picks: Davido’s ‘I Know Who I Be’ debuts...
[thecable] Fetching page 11...
   [+] Fetched: World Bank Awards Akwa Ibom $6.2 Million For Trans...
[thecable] Found 10 links. Extracting metadata...
   [+] Fetched: Canada Unveils Expanded Partnership Agenda With Ni...
   [+] Fetched: Alechenu, Young Washington… 10 movies you should s...
   [+] Fetched: FG Launches National E-Cooking Committee To Drive ...
   [+] Fetched: Police arrest 11 LAUTECH students for alleged cult...
   [+] Fetched: Shell, Nine Banks Launch $3bn Fund For Nigerian Oi...
   [+] Fetched: FG summons Ivorian envoy, demands compensation ove...
   [+] Fetched: Nigeria Admitted Into IEA, Expands Coverage To Ove...
   [+] Fetched: One killed, nine injured as trailer hits IED in Bo...
   [+] Fetched: Dangote Refinery Raises $750m In First Eurobond Sa...
   [+] Fetched: Newspaper Headlines: How SGF requested office spac...
   [+] Fetched: Bank Of Industry Report Shows N645bn Funding Creat...
   [+] Fetched: Dissecting Mefor's diatribe against Odinkalu's cri...
   [+] Fetched: Court Reaffirms Halkin E&P’s Ownership Of Atala Ma...
   [+] Fetched: World Cup: Cape Verde push Argentina to the brink ...
   [+] Fetched: Switzerland Beat Algeria To Reach World Cup Last 1...
   [+] Fetched: The presidential council scandal and the future of...
   [+] Fetched: World Cup: Ramos’ Late Goal Against Croatia Seals ...
   [+] Fetched: Samuel Osoba mentored generations of labour leader...
   [+] Fetched: Tinubu Charges Team Nigeria To Compete With Integr...
   [+] Fetched: FG appoints oil firm as pre-shipment inspection ag...
[thecable] Fetching page 12...
   [+] Fetched: Shettima Says Solid Minerals Sector Strategic To N...
[thecable] Found 9 links. Extracting metadata...
   [+] Fetched: Access Holdings, Coronation Celebrate Nigerian Mod...
   [+] Fetched: Former Benue SSG dies from gunshot injuries after ...
   [+] Fetched: Tunji-Ojo Seeks Stronger Federal-State Partnership...
   [+] Fetched: INEC extends nationwide voter registration to July...
   [+] Fetched: Fidelis Adedipe: There Is A Thin Line Between Free...
   [+] Fetched: S'court orders release of GHL's crude cargo seized...
   [+] Fetched: Adire To Replace Khaki As NYSC Uniform Under Sweep...
[arise] Fetching page 8...
   [+] Fetched: World Cup: Egypt defeat Australia to become second...
[arise] Found 20 links. Extracting metadata...
   [+] Fetched: IGP meets Adeleke over Osun pre-election violence,...
   [+] Fetched: NSCIA Says Nigeria Must Never Surrender To Terror ...
   [+] Fetched: Emefieleâs trial: $6.2m withdrawn from CBN left ...
   [+] Fetched: Tinubu Launches Power Force To Train 5,000 Young N...
   [+] Fetched: 'We're not Igbo' â Iru community denies seeking ...
   [+] Fetched: Nigeria Needs God-Fearing Leaders To Make Progress...
   [+] Fetched: Army to UNIOSUN: Provide evidence for rape allegat...
   [+] Fetched: Troops Repel Another Terrorist Attack On Military ...
   [+] Fetched: Remi Tinubu's akara remark: When a message meets a...
[thecable] Fetching page 13...
   [+] Fetched: Oyo APC Unveils Alli As Governorship Candidate, Ad...
[thecable] Found 10 links. Extracting metadata...
   [+] Fetched: FG Secures 1,721 Terrorism Convictions Since 2017 ...
   [+] Fetched: Tinubu: I told Wike to open up Karsana district be...
   [+] Fetched: NHRC, Knights Of St. Mulumba Partner To Decongest ...
   [+] Fetched: CIS to FTSE Russell: Shorter trade settlement fram...
   [+] Fetched: Tinubu Says New ECOWAS Headquarters Will Renew Com...
   [+] Fetched: ILO, FG Launch Climate Jobs Initiative To Drive Ni...
   [+] Fetched: State police as reality-in-waiting and TB at 65...
   [+] Fetched: Air Chief Aneke Launches Dual Empowerment Programm...
   [+] Fetched: Court rejects Saraki's jurisdiction objection, fix...
   [+] Fetched: Kwara Traditional Rulers Engage Sunday Igboho’s Se...
   [+] Fetched: Afrophobia or âNigeriaphobiaâ: It has been bad...
   [+] Fetched: ECOWAS Commissions New Abuja Headquarters, Nigeria...
   [+] Fetched: FG, ILO launch second phase of ecological transiti...
   [+] Fetched: Spain 3-0 Austria: Oyarzabal Double Powers Spain P...
   [+] Fetched: 'Presidency may have become nest of fraudsters' --...
   [+] Fetched: ARISE News To Host National Town Hall On State Pol...
   [+] Fetched: FG launches initiative to train 5,000 youths for s...
   [+] Fetched: NNPC Rejects Calls To Sell Warri Refinery As Scrap...
   [+] Fetched: Luno, GetEquity... SEC approves seven fintech firm...
   [+] Fetched: FG To Evacuate 700 More Nigerians As Xenophobic At...
   [+] Fetched: EXTRA: Presidency taunts critics with AI image of ...
[thecable] Fetching page 14...
   [+] Fetched: Forged Appointment Scandal: Fugitive ‘Fake DG’ Cla...
[thecable] Found 10 links. Extracting metadata...
   [+] Fetched: WFP: Conflict, Aid Cuts Driving Northern Nigeria T...
   [+] Fetched: EXTRA: Iâve stopped watching TV because they mis...
   [+] Fetched: Dangote Refinery Cuts Petrol Price to N1,075/Litre...
   [+] Fetched: NBG documentary: Crack, colos slowly destroying yo...
   [+] Fetched: Report: Russia Likely Used Shadow Fleet To Launch ...
[arise] Fetching page 9...
   [+] Fetched: No casualties as fire guts diesel storage tank in ...
[arise] Found 20 links. Extracting metadata...
   [+] Fetched: SCAM ALERT: NDLEA warns Nigerians against fake veh...
   [+] Fetched: Mimiko Blames Opposition For Outrage Over First La...
   [+] Fetched: World Bank official: Nigeria's problem is low reve...
   [+] Fetched: NEFGAD Survey Faults Transparency In Public Procur...
   [+] Fetched: Appeal court upturns judgment allowing hijab at UI...
   [+] Fetched: Dangote Cement Approves ₦45 Dividend, Unveils Afri...
   [+] Fetched: Umahi Dares Peter Obi To Debate + Presidency Budge...
   [+] Fetched: Adunni Ade: How I won N30m suit against Google ove...
   [+] Fetched: FEC Approves Construction of New N34bn Gboko Airst...
   [+] Fetched: Chipper Cash, Creditville among fintech companies ...
   [+] Fetched: Aluyi: Nigerian Stocks Offering Value, But Policy ...
   [+] Fetched: Oyo faults VeryDarkManâs claim, says no ransom p...
   [+] Fetched: Court Upholds David Mark-Led ADC Leadership, Dismi...
   [+] Fetched: Kano Pillars appoint Daniel Ogunmodede as new tech...
[thecable] Fetching page 15...
   [+] Fetched: Alibaba To Pay $600m As US Cracks Down On Illegal ...
[thecable] Found 10 links. Extracting metadata...
   [+] Fetched: Atiku Appoints Kenneth Okonkwo As Spokesperson For...
   [+] Fetched: Court orders final forfeiture of âN150m kickback...
   [+] Fetched: Germany Charges Ex-Ukrainian Officer Over 2022 Nor...
   [+] Fetched: Julian Nagelsmann steps down as Germany coach with...
   [+] Fetched: Intersociety Claims 2,550 Christians Killed In Nig...
   [+] Fetched: Austin Okai: Opposition Must Unite Or APC Will Kee...
   [+] Fetched: DOWNLOAD: Reekado Banks delivers EP 'Worthy Challe...
   [+] Fetched: ‘Tip Of The Iceberg’: Akugbe Iyamu Warns Worse Flo...
   [+] Fetched: European lawmakers petition FIFA to probe Infantin...
   [+] Fetched: Cletus Obun: APC Risks Another Zamfara-Style Defea...
   [+] Fetched: Delivering on the pledge...
   [+] Fetched: Tuchel: England Cannot Adapt To Mexico City’s Alti...
   [+] Fetched: Atiku: FG must probe âpromotion councilâ saga,...
   [+] Fetched: Private Jet Asaba Landing: Pilot Mistook Road Unde...
   [+] Fetched: Yen Climbs As Traders Brace For Possible Japan Cur...
   [+] Fetched: I got car and chieftaincy title from Ooni, says Ba...
   [+] Fetched: Pape Gueye Threatens To Put Senegal Career On Hold...
   [+] Fetched: PZ Cussons releases full year results, records N26...
   [+] Fetched: Mexico To Meet England Next After Ending 40-Year W...
   [+] Fetched: NDC asks Tinubu to suspend Gbaja, seeks probe of â...
   [+] Fetched: German Coalition Unveils Sweeping Reform Agenda To...
[arise] Fetching page 10...
   [+] Fetched: Uba Sani flags off construction of N34bn flood con...
[thecable] Fetching page 16...
[arise] Found 20 links. Extracting metadata...
[thecable] Found 10 links. Extracting metadata...
   [+] Fetched: Daredevil Couple Scale Top Of Empire State Buildin...
   [+] Fetched: Third Air Peace repatriation flight from South Afr...
   [+] Fetched: US Declines To Renew North American Trade Pact, Op...
   [+] Fetched: Japan Adopts Surprise Tactics To Defend Yen Agains...
   [+] Fetched: FACT CHECK: Viral Ghana flood videos falsely linke...
   [+] Fetched: Russian Missile And Drone Attack Kills 10 In Kyiv...
   [+] Fetched: IN DETAIL: The eight-count charge filed against co...
   [+] Fetched: Zelenskyy Cuts Ireland Visit Short After Warning O...
   [+] Fetched: Chams founder Aladekomo to chair QEDNG creative po...
   [+] Fetched: Obasanjo Warns Nigeria Still Faces Civil War Trigg...
   [+] Fetched: WHO commences clinical trial for Ebola treatment i...
   [+] Fetched: ADC Uploads Atiku, Amaechi’s Details To INEC Porta...
   [+] Fetched: DOWNLOAD: Fola, Ayra Starr team up for 'Treat U Ri...
   [+] Fetched: South Korea Unveils Plans For Global Anti-Corrupti...
   [+] Fetched: Access Bank UK Polo Day Rallies Global Support For...
   [+] Fetched: Embrace new members... don't leave anyone behind, ...
   [+] Fetched: Adeleke Hails Local Content Policy, Commissions La...
   [+] Fetched: 'Not all Kutis use narcotics' — Made addresses fam...
   [+] Fetched: Oyebanji: I’m Targeting 700,000 Votes For Tinubu I...
   [+] Fetched: Ghana, Kenyaâ¦ 37 countries submit first climate ...
   [+] Fetched: Forvis Mazars, FNCCI Rally CFOs On AfCFTA Opportun...
   [+] Fetched: PREVIEW: Cape Verde hope for World Cup miracle aga...
[thecable] Fetching page 17...
[thecable] Found 10 links. Extracting metadata...
   [+] Fetched: PDP Tackles Akpabio, Says Party Not Dead, But Aliv...
   [+] Fetched: The ghost DG and Nigeria's unreported spending...
   [+] Fetched: AFC Appoints Fola Fagbule To Lead Nairobi Office, ...
   [+] Fetched: Iru Ekun: The new sheriffs in Oyo...
   [+] Fetched: Court Urges CBN, NIBSS To Settle N98.5bn Patent Di...
   [+] Fetched: Tinubu To Unveil Buhari Tribute Book At First Anni...
   [+] Fetched: Open letter to northern leaders and the business e...
   [+] Fetched: Nigeria Launches Education Database, Pushes For Fu...
   [+] Fetched: NPA, customs agents agree to tackle Apapa gridlock...
   [+] Fetched: NNPC Remits N4.86tn To Federation In Five Months D...
   [+] Fetched: Toyin Abraham: How my husband got me to quit smoki...
   [+] Fetched: TCN Declares Force Majeure As Flood Knocks Out Lag...
   [+] Fetched: Electricity systems are a binding constraint on gr...
   [+] Fetched: Fashola: Women Have Long Dominated Key Leadership ...
[arise] Fetching page 11...
   [+] Fetched: The Nigerian SME growth playbook: How digital tool...
[arise] Found 20 links. Extracting metadata...
   [+] Fetched: Troops repel terrorist attack on military base in ...
   [+] Fetched: Tinubu Pushes Digital Trade, Stronger Intra-Africa...
   [+] Fetched: Daily Times unveils nominees for 100th anniversary...
   [+] Fetched: NOTAP Begins Commercialisation Of University Resea...
   [+] Fetched: BOI: 20% of N644bn disbursed in 2025 went to women...
[thecable] Fetching page 18...
   [+] Fetched: World Bank Unveils $1.25bn Nigeria Package, Seven-...
[thecable] Found 10 links. Extracting metadata...
   [+] Fetched: Afreximbank Renews Push For African Ratings Agency...
   [+] Fetched: Obafemi Awolowo and the fabric of Nigeriaâs hist...
   [+] Fetched: Balogun Scores But Sees Red As US Beat Bosnia-Herz...
   [+] Fetched: How IGP Disu is rewriting the police playbook...
   [+] Fetched: Belgium Snatch Victory From Senegal’s Grasp To Kee...
   [+] Fetched: EXTRA: 'First lady, Iya alakara' â Tinubu pokes ...
   [+] Fetched: Gillis-Harry: Fuel Price Cuts Are Delayed Because ...
   [+] Fetched: The Nigerian army, impunity and the UNIOSUN assaul...
   [+] Fetched: Sowore: Freedom of Expression Cannot Be Regulated ...
   [+] Fetched: FIFA World Cup 2026: How African teams are carryin...
   [+] Fetched: Tinubu Inaugurates Akwanga Underpass, Dualised Roa...
   [+] Fetched: PSC Promotes 13 CPs To AIG, 17 DCPs To CP, 63 Othe...
   [+] Fetched: Envoy: Nigeria now US' second-largest trading part...
   [+] Fetched: England’s Harry Kane Complete Two-Goal Comeback To...
   [+] Fetched: World Cup: Algeria crash out as Portugal meet Spai...
   [+] Fetched: All 36 States Back State Police, Will Fast-Track A...
   [+] Fetched: Tinubu to media: Don't amplify terrorism -- be res...
   [+] Fetched: Shettima Says Tinubu’s Reforms Making Nigeria Easi...
   [+] Fetched: MATTERS ARISING: How did a 'non-existent' agency o...
   [+] Fetched: Troops Kill 662 Terrorists, Arrest 1,084 Suspects,...
   [+] Fetched: Newspaper Headlines: Convicted ex-minister Saleh M...
[thecable] Fetching page 19...
   [+] Fetched: Tinubu Says NYSC Reforms Will Transform Scheme Int...
[thecable] Found 10 links. Extracting metadata...
   [+] Fetched: West Africa Battles Escalating Drug Crisis As Coca...
   [+] Fetched: âWe suffered for 40 yearsâ â Kaduna resident...
   [+] Fetched: Oyedele: Nigeria Has Moved From Economic Decline T...
   [+] Fetched: 'Despicable crime against humanity' -- NSCIA conde...
   [+] Fetched: Umahi: Tinubu Connecting Nigeria Through Legacy Ro...
   [+] Fetched: Abdullahi Sule: We Executed Every Project Without ...
   [+] Fetched: DOWNLOAD: Jorja Smith, Wizkid combine for ‘Alive’ ...
   [+] Fetched: Xenophobia: Nigeria Wants Reparations + Obi On Cer...
[arise] Fetching page 12...
   [+] Fetched: 'I was led by the Spirit' - Celestial church pasto...
[arise] Found 20 links. Extracting metadata...
   [+] Fetched: âClimate change has altered rainfall patternsâ...
   [+] Fetched: Radda Donates 18-Seater Bus To Katsina Corresponde...
   [+] Fetched: WFP: Conflict driving northern Nigeriaâs worst h...
   [+] Fetched: ASUU Faults Ondo Over Unpaid Lecturers’ Allowances...
   [+] Fetched: US pulls back most troops from Nigeria after ISIS ...
   [+] Fetched: NNPC Posts ₦4.3tn May Revenue As Crude Production ...
   [+] Fetched: Terrorists 'kill two soldiers, injure three' in So...
   [+] Fetched: Tinubu Seeks Stronger Intra-African Trade, Backs D...
   [+] Fetched: Dangote refinery reduces ex-gantry petrol price by...
   [+] Fetched: DSS Arrests Ex-Minister Uche Nnaji Over Alleged Ce...
   [+] Fetched: 'It's a victory for democracy' -- Atiku praises ju...
[thecable] Fetching page 20...
   [+] Fetched: Three-Year-Old Boy Rescued Alive Six Days After Ve...
[thecable] Found 10 links. Extracting metadata...
   [+] Fetched: World Cup Celebrations Turn Deadly As Three Die In...
   [+] Fetched: Lagos clarifies HIV data, says 10,430 figure refer...
   [+] Fetched: CBN Revokes Creditville, NOW NOW Digital, Gold MFB...
   [+] Fetched: âIâm not a con artistâ â Adeniyi Adeyemi r...
   [+] Fetched: Ondo ALGON Appeals To APC Over NASS Candidates, Se...
   [+] Fetched: FG delegation visits Rivers community affected by ...
   [+] Fetched: UN Panel Warns AI Advancing Faster Than Scientific...
   [+] Fetched: Troops repel ISWAP attack after ambush on military...
   [+] Fetched: Nigeria Ranks 55th Globally, Leads Africa In IMD E...
   [+] Fetched: AudacityÂ ofÂ aÂ presidentialÂ scandalÂ ...
   [+] Fetched: Netflix Renews Crime Drama Nemesis For Second Seas...
   [+] Fetched: Oba Otudeko's Honeywell Group acquires 14% stake i...
   [+] Fetched: CBN: Nigeria’s Consumer Credit Drops To N3.03tn As...
   [+] Fetched: Court declines el-Rufai's bail application after n...
   [+] Fetched: World Bank Approves $27m Performance-Based Grants ...
   [+] Fetched: FG secures release of six Nigerians detained in CÃ...
   [+] Fetched: 13 Dead, Hundreds Rescued As Torrential Rains Trig...
   [+] Fetched: NESt 2026: HBM Nigeria Plc calls for accelerated c...
   [+] Fetched: Ekpo: Nigeria’s Economic Managers Lack Capacity To...
   [+] Fetched: Flood, rehabilitation exercise disrupt power suppl...
[thecable] Fetching page 21...
   [+] Fetched: Veteran Yoruba Actor Taiwo Adeshina, Popularly Kno...
[thecable] Found 10 links. Extracting metadata...
   [+] Fetched: ‘Marketers Will Shut Down If FG Enforces Price Con...
   [+] Fetched: NABTEB to release NCEE results July 7...
   [+] Fetched: Iko-Sami: APC Conducted the Most Successful Direct...
   [+] Fetched: EXCLUSIVE: How FG approved recruitment of 300 staf...
   [+] Fetched: Ukraine Calls On EU To Release €6.6bn Peace Fund F...
[arise] Fetching page 13...
[arise] Found 20 links. Extracting metadata...
   [+] Fetched: Hanks Anuku addresses viral clip of him lying on s...
   [+] Fetched: Agbakoba: Nigeria Is Overheated, Tinubu Must Use S...
   [+] Fetched: âAdire was only an exampleâ â minister backt...
   [+] Fetched: NATO Allies Stay Silent On Turkey Rights Concerns ...
   [+] Fetched: England records hottest June on record as unpreced...
   [+] Fetched: SGF Akume Calls For Stronger Collaboration Among F...
   [+] Fetched: FG's third South Africa repatriation flight to arr...
   [+] Fetched: Daddy Showkey to mark 50 years on stage on 56th bi...
   [+] Fetched: Affordable Home Ownership For Soldiers Gets Boost ...
   [+] Fetched: FCCPC probe: IPMAN says price regulation will forc...
   [+] Fetched: IATA: Global Air Passenger Demand Fell 2.2% In May...
   [+] Fetched: PZ Cussons appoints Oghenekevwe Ogefere as company...
   [+] Fetched: Koeman Resigns As Netherlands Coach After World Cu...
   [+] Fetched: LISTEN: 10 evergreen tracks that define Burna Boy ...
[thecable] Fetching page 22...
   [+] Fetched: Atiku Urges FG To Suspend Gbajabiamila Over Allege...
   [+] Fetched: Saraki: Foreign Aid Can’t Close Africa’s $170bn In...
[thecable] Found 10 links. Extracting metadata...
   [+] Fetched: Russia Secretly Approved High-Level Chinese Milita...
   [+] Fetched: Norwegian appeal court acquits Daniel Daga of sexu...
   [+] Fetched: The CPC At 105: Staying True to Its Founding Missi...
   [+] Fetched: MAN IN THE NEWS: Adeniyi Adeyemi, self-styled DG a...
   [+] Fetched: Lagos State Government Appeals For Calm After Flas...
   [+] Fetched: Court affirms Mark-led ADC leadership, fines Leke ...
   [+] Fetched: Buba Galadima: Those Who Approved State Police Won...
   [+] Fetched: NNPC profit dropped to N462bn in May, crude oil pr...
   [+] Fetched: FG Launches Flood Protection Pilot For 100,000 Riv...
   [+] Fetched: FG to replace NYSC khaki with locally made adire u...
   [+] Fetched: Nigeria Moves To Scrap JSS-SSS Structure Amid 20 M...
   [+] Fetched: Benue at 50: A state in search of leadership...
   [+] Fetched: Tinubu Hails Tunji Bello At 65, Describes Him As D...
   [+] Fetched: Unusual moments in the World Cup...
   [+] Fetched: Nana Shettima Launches Green Nigeria Challenge In ...
   [+] Fetched: The unbelievable scandal involving Adeyemi Adeniyi...
   [+] Fetched: Chris Brown Ordered To Pay Nearly $13 Million Over...
   [+] Fetched: SPOTTED: Convener of council disowned by presidenc...
   [+] Fetched: Federal High Court Issues New Rules For Pre-Electi...
   [+] Fetched: Atiku asks FG to explain N1.3bn budget allocation ...
[thecable] Fetching page 23...
   [+] Fetched: Kwara Chief Judge Orders Release of Six Inmates To...
[thecable] Found 10 links. Extracting metadata...
   [+] Fetched: Mexico Beat Ecuador 2-0 To End 40-Year World Cup K...
[arise] Fetching page 14...
[arise] Found 20 links. Extracting metadata...
   [+] Fetched: Spotify partners Afro Nation Portugal to stream 20...
   [+] Fetched: Governor Eno Receives First Batch Of CNG Buses For...
   [+] Fetched: Sycamore reacts as CBN revokes its microfinance ba...
   [+] Fetched: Osinbajo Urges CSOs To Deepen Collaboration On Jus...
   [+] Fetched: Report: Power outage biggest challenge facing Nige...
   [+] Fetched: WHO, UNICEF Hail Mbah As Enugu Records Surge In PH...
   [+] Fetched: Troops foil third NIPSS security breach in two wee...
   [+] Fetched: Afenifere Hails Sanwo-Olu, Abiodun, IGP, CPs Over ...
   [+] Fetched: Peter Obi Urges Political Class To Prioritise Nige...
   [+] Fetched: Clarion Chukwurah to Tinubu: Arm vigilantes now wi...
   [+] Fetched: Pope Leo XIV Appoints Archbishop Martins To Vatica...
   [+] Fetched: BOI signs $170m iDICE fund management deal to boos...
   [+] Fetched: 2027: Wabara, Obi Rally Diasporans For Credible Po...
   [+] Fetched: 'Visionless president' -- outrage as Ramaphosa app...
   [+] Fetched: Fiscal Responsibility Commission Drives N1.84 Tril...
   [+] Fetched: Police file eight-count criminal charge against co...
   [+] Fetched: Iran Rejects Direct US Talks, Casting Doubt On Pea...
   [+] Fetched: 16-year-old Nigerian aims to break world record fo...
   [+] Fetched: World Bank-Assisted HOPE Governance Programme Appr...
   [+] Fetched: Obasanjo: Nigeria must do everything to avoid anot...
[thecable] Fetching page 24...
   [+] Fetched: Kebbi APC Stakeholders Slam Maidoki, Labels Him Po...
[thecable] Found 10 links. Extracting metadata...
   [+] Fetched: ADA Rejects Court Ruling, Moves To Block INEC Acce...
   [+] Fetched: Houses, cars underwater as torrential rainfall tri...
   [+] Fetched: Senator Karimi Hails FG’s Approval Of Kogi, Kwara,...
   [+] Fetched: The olodo uprising and the democracy we are sleepw...
   [+] Fetched: EU imposes €3 Fee On Low-value Chinese Imports To ...
   [+] Fetched: The American revolution and the unfinished promise...
   [+] Fetched: Federal Road Safety Corps, Nigerian Institute Of T...
   [+] Fetched: Cyberbullying is Africa's overlooked digital right...
   [+] Fetched: FG Demands Results On Smart, Bilingual Schools, Wa...
   [+] Fetched: Military air strikes kill âscoresâ of terroris...
   [+] Fetched: TETFund Tasks Scientists To Develop Nigeria’s Firs...
   [+] Fetched: âCoup plotâ: DSS arraigns five suspects for â...
   [+] Fetched: UBA Pays Over N400m In Loyalty Bonuses To Bumper A...
   [+] Fetched: The dignity of the hustle: Why Remi Tinubuâs cal...
   [+] Fetched: BOI Picks Kuramo Capital Management To Manage $170...
   [+] Fetched: CDA seeks parliamentary government, wants senate r...
   [+] Fetched: Nigeria, Singapore Launch TVET Teacher Training To...
[arise] Fetching page 15...
   [+] Fetched: World Cup: Senegal collapse late against Belgium a...
[arise] Found 20 links. Extracting metadata...
   [+] Fetched: Flooding reflects conditions established before it...
[thecable] Fetching page 25...
   [+] Fetched: NECA DG Says FG Needs Business Support To Deliver ...
[thecable] Found 10 links. Extracting metadata...
   [+] Fetched: Trump Reports $1.4bn Income From Crypto Ventures...
   [+] Fetched: Atiku appoints Kenneth Okonkwo as spokesperson for...
   [+] Fetched: APC Governors Meet Nentawe Yilwatda Over 2027 Stra...
   [+] Fetched: Newspaper Headlines: INEC, APC may clash over offi...
   [+] Fetched: NATO Holds Military Drills Off US Coast Despite Tr...
   [+] Fetched: FTSE Russell Puts Nigeria’s Frontier Market Upgrad...
   [+] Fetched: APC rep: Atiku, Obi have shown no effort to unseat...
   [+] Fetched: Yemi Kale Warns Data Fragmentation Is Hurting Nige...
   [+] Fetched: Jigawa ready for agriculture, livestock investment...
   [+] Fetched: APC Governors Meet Nentawe Yilwatda Over 2027 Stra...
   [+] Fetched: Shettima: FG has reduced cost of starting, operati...
   [+] Fetched: APC Overturns Some Primary Results After Reviewing...
   [+] Fetched: WATCH: Jorja Smith, Wizkid tease new collaboration...
   [+] Fetched: Fitch: Nigeria’s Bank Recapitalisation Cushions Im...
   [+] Fetched: Chris Brown ordered to pay $13m to housekeeper mau...
   [+] Fetched: Dangote Targets 2.1 Million Bpd Refining Capacity ...
   [+] Fetched: AfCFTA IP protocol will boost Africaâs industria...
   [+] Fetched: APC Overturns Some Primary Results After Reviewing...
   [+] Fetched: Death toll from CÃ´te dâIvoire flood rises to 59...
   [+] Fetched: Mahlangu: Anti-Immigration Peaceful Protests Conti...
   [+] Fetched: Dauda Lawal hands over 50 buses to Zamfara NURTW u...
[thecable] Fetching page 26...
   [+] Fetched: Uba Sani: Politicising Every Judicial Decision Is ...
[thecable] Found 10 links. Extracting metadata...
   [+] Fetched: Mbappe Brace Fires France Past Sweden And Into Wor...
   [+] Fetched: PenCom, ICPC recover over N3bn unremitted pension ...
   [+] Fetched: Nigeria Tops South Africa, Ghana, Kenya In IMD Eco...
   [+] Fetched: Atiku to FG: Publish beneficiaries of N501bn GenCo...
   [+] Fetched: Uba Sani: Nobody Will Go Scot-Free Until Justice I...
   [+] Fetched: Several feared dead as suspected herders attack Be...
   [+] Fetched: Lagos Tops List As Nigeria Records 102,025 New HIV...
   [+] Fetched: NDIC begins liquidation of 46 microfinance banks a...
   [+] Fetched: Kano NDC Primaries Face Court Challenge As Aspiran...
   [+] Fetched: ICPC confirms Uche Nnajiâs arrest, says ex-minis...
   [+] Fetched: Switzerland Returns Looted Benin Artefacts, Signs ...
   [+] Fetched: Danny Glover speaks on years-long battle with Alzh...
   [+] Fetched: Sowore Vows To Continue ‘Struggle’ After Release F...
[arise] Fetching page 16...
   [+] Fetched: Police arrest 12 suspects, rescue three kidnap vic...
[arise] Found 20 links. Extracting metadata...
   [+] Fetched: Norway Beat Ivory Coast 2-1, Advance To World Cup ...
   [+] Fetched: Presidency backs Gbajabiamila, alleges 'presidenti...
   [+] Fetched: Army Orders Probe Into Alleged Harassment Of Civil...
   [+] Fetched: Ycee addresses controversy over ‘olodo uprising’ c...
   [+] Fetched: Gates-Backed Programme Helps Reduce Kano Maternal ...
   [+] Fetched: World Cup: Kane's brace bails England out of DR Co...
[thecable] Fetching page 27...
   [+] Fetched: Troops Rescue 10 Abducted NECO Candidates, Intensi...
[thecable] Found 10 links. Extracting metadata...
   [+] Fetched: Amotekun Arrests 28 Suspects, Rescues Kidnap Victi...
   [+] Fetched: 'I was asked to clean blood-stained floor after gi...
   [+] Fetched: Farai Muvuti: South African Government Reacted Too...
   [+] Fetched: 'It's doable' -- Oyebanji says Ekiti can deliver 7...
   [+] Fetched: US Supreme Court To Rule On Assault Weapons Bans I...
   [+] Fetched: Harvey Weinstein hospitalised after suffering hear...
   [+] Fetched: LeBron Ends Lakers Era, Eyes Record 24th NBA Seaso...
   [+] Fetched: UNDP: Ebola could cost Africa $3.6bn if virus spre...
   [+] Fetched: ‘It’s Not Just Akara, We’re Empowering Tomato Sell...
   [+] Fetched: Anti-Immigration Protests Rock South Africa As For...
   [+] Fetched: EHealth Africa seeks investment to scale digital h...
   [+] Fetched: 271 More Nigerians Evacuated From South Africa Ami...
   [+] Fetched: FG to private schools: Upload your data on DNEMIS ...
   [+] Fetched: Air Peace Takes Delivery of Brand-New Embraer E175...
   [+] Fetched: NEMA warns of high flood risk in five Kwara LGAs...
   [+] Fetched: Xenophobia: Nigerian Man Shot Dead In SA + Adeboye...
   [+] Fetched: Amupitan: INEC to introduce downloadable PVCs, ful...
   [+] Fetched: US Supreme Court, In 6-3 Ruling, Rejects Trump’s B...
   [+] Fetched: Tinubu: NYSC will prioritise indigenes, residents ...
   [+] Fetched: Umar Ardo: Court Has No Power To Impose Leadership...
   [+] Fetched: Partner with police to combat crime, AIG Jimoh tel...
[thecable] Fetching page 28...
   [+] Fetched: Court Grants Omoyele Sowore Bail, Imposes N200M Bo...
[thecable] Found 10 links. Extracting metadata...
   [+] Fetched: YouTube Dominates Japan’s Video Streaming, Capturi...
   [+] Fetched: IMF: Nigeria omitted public spending worth 2% of G...
   [+] Fetched: Army Rescues Six Kidnap Victims After Escape From ...
   [+] Fetched: CBN limits suspension of payment obligations invol...
   [+] Fetched: NUPRC Hosts Maiden Golf Tournament To Deepen Indus...
   [+] Fetched: Court grants Obi leave to serve Kenneth Okonkwo th...
   [+] Fetched: Ariana Grande Reschedules Three Tour Shows Over Pr...
[arise] Fetching page 17...
   [+] Fetched: 12 dead as floods, landslides wreak havoc in CÃ´te...
[arise] Found 20 links. Extracting metadata...
   [+] Fetched: Ajibola Tobi-Osho: Borrowing Is Justified Only If ...
   [+] Fetched: Mount Zion actor Omooba Oyeyemi dies at 38 - TheCa...
   [+] Fetched: Lwandile Mtsolo: South African Authorities Do Not ...
   [+] Fetched: Oyo teachers suspend strike over abducted schoolch...
   [+] Fetched: Femi Otunbanjo: South Africa’s Xenophobia Has Beco...
   [+] Fetched: Hypocrisy on state police despite the glaring esca...
   [+] Fetched: Buba Galadima: Tinubu Wants To Destroy Opposition ...
   [+] Fetched: Nigerian sprinter sentenced to jail, subjected to ...
   [+] Fetched: Samsung, SK Hynix Ramp Up Massive AI Chip Investme...
   [+] Fetched: FULL LIST: CBN revokes licences of 46 microfinance...
   [+] Fetched: Anti-Illegal Immigration Protesters Gather In Pret...
   [+] Fetched: Ex-CDS Irabor, Dickson to chair as First Daily hos...
[thecable] Fetching page 29...
   [+] Fetched: Chinese Foreign Minister Wang Yi To Visit Four Nor...
[thecable] Found 10 links. Extracting metadata...
   [+] Fetched: Court Releases Sowore On ₦200 Million Bail In Cybe...
   [+] Fetched: Visa outlines AI, token, and stablecoin capabiliti...
   [+] Fetched: Nigerian Husband Of South African Deputy Mayor Arr...
   [+] Fetched: FULL LIST: Names of 36 students still in captivity...
   [+] Fetched: Report: 79,323 Killed, 34,773 Abducted In Nigeria’...
   [+] Fetched: Deyemi Okanlawon: I once quit acting because the p...
   [+] Fetched: Chidimma Adetshina Faces Deportation Battle In Sou...
   [+] Fetched: UBA pays over N400m anniversary bonus to Bumper Ac...
   [+] Fetched: UK Regulator Moves To Loosen Apple, Google App Sto...
   [+] Fetched: BUA Denies Move To Acquire 70% Of Kano Pillars Foo...
   [+] Fetched: Social media users falsely claim sey police arrest...
   [+] Fetched: France Extends Summer Sales By One Week As Heatwav...
   [+] Fetched: Apple’s Unreleased IPhone 18 Pro Supplier Files, P...
   [+] Fetched: Masu amfani da shafukan sada zumunta sun yi ikirar...
   [+] Fetched: Indonesia Jails Ex-Education Minister, Gojek Co-Fo...
   [+] Fetched: Transport Costs Rise Across Nigeria As Intra-City ...
   [+] Fetched: Irọ́ ni ọ̀rọ̀ tó sọ pé wọ́n mú ọba ọkùnrin kan àti...
   [+] Fetched: Nigerians Seek Refuge At Embassy In South Africa O...
   [+] Fetched: Atiku Alleges Fresh Plot To Keep ADC Off 2027 Ball...
   [+] Fetched: Á kpọ́chị́ghị́ ńdị́ ézè nà lọ́lọ́ há máká ntọ́rọ́r...
   [+] Fetched: Davido Announces Sixth Studio Album ORIADÉ, Sets J...
[arise] Fetching page 18...
   [+] Fetched: Nigeria is paying for parental leave inefficiency ...
[arise] Found 20 links. Extracting metadata...
   [+] Fetched: Abolish state of origin: A prerequisite for true n...
[thecable] Fetching page 30...
   [+] Fetched: UK Plans To Make Asylum Seekers Repay Up To £10,00...
[thecable] Found 10 links. Extracting metadata...
   [+] Fetched: IBB: Translation of Quran To Nupe Will Deepen Unde...
   [+] Fetched: Shame the NELFUND graft perpetrators...
   [+] Fetched: Nigeria’s Exports To US Drop By N365.6bn As Import...
   [+] Fetched: State police dilemma: 36 emperors or 36 guardians?...
   [+] Fetched: Ndume Urges FG To Take Fight To Terrorists Hideout...
   [+] Fetched: DigiTax convenes business leaders for e-invoicing ...
   [+] Fetched: NDC Appeals Court Ruling Voiding Registration, Say...
   [+] Fetched: Sultan: Banditry, Terrorism Have No Place In Islam...
   [+] Fetched: Victor Willis, Village People frontman whose song ...
   [+] Fetched: Cooking Gas Prices Fall In Abuja As Improved Suppl...
   [+] Fetched: 'Certificate forgery' saga: DSS takes ex-minister ...
   [+] Fetched: DMO Unveils Nearly N4tn FGN Bond Auction Plan For ...
   [+] Fetched: World Bank approves $1.25bn financing to support r...
   [+] Fetched: Olubadan, Ataoja, Ogiyan To Commission Infrastruct...
   [+] Fetched: Seven prime ministers in a decade: What Nigeria ca...
   [+] Fetched: NBS: Cost Of Healthy Diet In Nigeria Rises To N1,5...
   [+] Fetched: Obi: I'll curb governance abuse, unite Nigerians a...
   [+] Fetched: Kwankwasiyya Movement Says NDC Judgment Undermines...
   [+] Fetched: How Rotaryâs values, 4-way test can lift up Nige...
   [+] Fetched: Court Grants Substituted Service On Lawan, Kingibe...
   [+] Fetched: FULL LIST: APC drops Suswam, 19 reps hopefuls from...
[thecable] Fetching page 31...
   [+] Fetched: Tinubu Swears In Eight New RMAFC, NPC Commissioner...
[thecable] Found 10 links. Extracting metadata...
   [+] Fetched: Dangote Unveils Vision 2030 To UAE President, Deep...
   [+] Fetched: Property law: Importance of governorâs consent i...
   [+] Fetched: FG Registers 32 Million Students On National Digit...
   [+] Fetched: From camp drills to career skills: Can NYSC reform...
   [+] Fetched: Ekpo: Nigeria Needs Double-Digit Economic Growth T...
   [+] Fetched: NDLEA, customs intercept 6.8kg of cannabis from Ca...
   [+] Fetched: Report: Nigeria, Russia, Israel, US Make List Of W...
   [+] Fetched: State Police Bill and state assemblies: When a cha...
   [+] Fetched: ADC, Labour Party Receive INEC Access Codes For 20...
   [+] Fetched: Why every Nigerian sending money home is still pay...
   [+] Fetched: Tinubu: We’re Reflating the Local Economy Through ...
   [+] Fetched: KAP Academy, Benin Republic launch 12-week bootcam...
   [+] Fetched: FG Confirms $1.5bn UAE Loan Drawdown, Says Stagger...
[arise] Fetching page 19...
   [+] Fetched: Africa in June: South Africaâs migrant exodus, W...
[arise] Found 20 links. Extracting metadata...
   [+] Fetched: FG Bans ‘Okada’ On Coastal Highway, Targets Illega...
   [+] Fetched: 21bet.ng offers Nigerians a modern online casino e...
   [+] Fetched: FEC Approves Six Week Orientation, Civilian Leader...
   [+] Fetched: Why Africa's Energy future depends on long-term ca...
   [+] Fetched: NDC: We Will Not Allow Desperados And Mercenaries ...
   [+] Fetched: Beat the sleepiness after your lunch...
[thecable] Fetching page 32...
[thecable] Found 10 links. Extracting metadata...
   [+] Fetched: Smart Nwobi: Second Batch of Stranded Nigerians Ev...
   [+] Fetched: Victor Umeh: Justice Inyang Ekwo Created NDC Throu...
   [+] Fetched: States get $27m World Bank grants for meeting gove...
   [+] Fetched: CAF General Secretary Samson Adamu Hails NFF On La...
   [+] Fetched: Beyond reform: Reimagining national service for a ...
   [+] Fetched: Itsekiris Raise Alarm Over Alleged Plot To Disrupt...
   [+] Fetched: Asylum seekers to pay Â£10,000 before settlement i...
   [+] Fetched: NSCDC Seeks Public Support To Protect FCT Infrastr...
   [+] Fetched: The talent whisperer and his finest find: Tunji Be...
   [+] Fetched: Nigeria Records Decline In Gender-Based Violence, ...
   [+] Fetched: Shell forecasts 65% rise in global LNG demand by 2...
   [+] Fetched: CAS To Commanders: Synergy Is Strategic Necessity ...
   [+] Fetched: Newspaper Headlines: 79,323 killed, 34,773 abducte...
   [+] Fetched: 16-Year-Old Okundaye Makes History As Nigeria’s Yo...
   [+] Fetched: ADC uploads Atiku, Amaechi's names, particulars to...
   [+] Fetched: Ndume To FG: Be Proactive In Your Crusade Against ...
   [+] Fetched: EU: Nigeria must bridge skills gap to unlock inves...
   [+] Fetched: NatGeo Equips Niger Delta Youth With Storytelling ...
   [+] Fetched: PHOTOS: Protesters demand transparency, compensati...
   [+] Fetched: Marwa Inaugurates Historic Weapons Training For ND...
   [+] Fetched: APC rep: Tinubu hasn't ended insecurity, but his e...
[thecable] Fetching page 33...
   [+] Fetched: Tinubu: We’re Fulfilling Our Promise To Uplift Liv...
[thecable] Found 10 links. Extracting metadata...
   [+] Fetched: Remi Tinubu Launches North-West Food Bank, Commiss...
   [+] Fetched: Diri dethrones suspended Bayelsa monarch over inse...
   [+] Fetched: Morocco Edge Netherlands 3-2 On Penalties To Reach...
   [+] Fetched: After nearly 150 years, Finland pulls the plug on ...
   [+] Fetched: FG: We’re Talking With Petrol Marketers, Industry ...
   [+] Fetched: Pruning the new DSO variant into acceptability...
   [+] Fetched: Cape Verde Captain Ryan Mendes Investigated Over S...
   [+] Fetched: Grace Bassey, Nollywood star turned US navy office...
   [+] Fetched: Paraguay Defeat Germany 4-3 On Penalties To Reach ...
[arise] Fetching page 20...
   [+] Fetched: ‘Pay N100k to see me’ - Carter Efe mocks Babcock's...
[arise] Found 20 links. Extracting metadata...
   [+] Fetched: 'We will never surrender' -- Sowore speaks after r...
   [+] Fetched: Anambra Government Calls For Open, Regular Discuss...
   [+] Fetched: Kogi SSG to testify as court adjourns Austin Okai'...
   [+] Fetched: DR Congo Superfan Denied US Visa, Misses World Cup...
   [+] Fetched: Agbakoba Warns State Police Could Become ‘Tools Of...
   [+] Fetched: 'Give criminals their proper name' -- Sultan says ...
   [+] Fetched: AfCFTA, UNDP, Nigeria Demand Urgent Action To Put ...
   [+] Fetched: FG to scrap JSS-SSS separation policy, cites 20 mi...
   [+] Fetched: ECOWAS Court Goes Digital, Targets Faster Justice ...
   [+] Fetched: FG, stakeholders seek investment in climate-resili...
[thecable] Fetching page 34...
   [+] Fetched: Brazil 2-1 Japan: Brazil Survive Japan Scare As Ma...
[thecable] Found 10 links. Extracting metadata...
   [+] Fetched: PRP Faces Court Battle Over Donald Duke’s Eligibil...
   [+] Fetched: Nigeria leads S'Africa, Kenya, Ghana in IMD econom...
   [+] Fetched: Court Opens Door For ADA Registration, Orders INEC...
   [+] Fetched: Nigeria records 102,025 new HIV infections as Lago...
   [+] Fetched: South Korea Coach Quits After President Brands Coa...
   [+] Fetched: â37 students still missingâ after Borno school...
   [+] Fetched: Apple Accuses India Of Copying Rivals’ Claims In A...
   [+] Fetched: Peller addresses rumour Jarvis is pregnant - TheCa...
   [+] Fetched: Nigerian Navy Busts Illegal Oil Distribution Netwo...
   [+] Fetched: Love Island USA Contestant Apologises After Remova...
   [+] Fetched: Rite Foods CEO to FG: Enabling environment will en...
   [+] Fetched: Tanzania, Dangote Group Explore Multi-Billion-Doll...
   [+] Fetched: Haaland's late winner ends Cote d'Ivoire's World C...
   [+] Fetched: Trevor Nelson Takes Break From BBC Radio 2 Over He...
   [+] Fetched: Olayinka Babalola to be sworn in as Rotary Interna...
   [+] Fetched: Mr Real Rejects Remi Tinubu’s Advice: ‘I’d Rather ...
   [+] Fetched: Court to deliver judgment in Mompha’s 'N6bn fraud'...
   [+] Fetched: Sunday Dare Defends First Lady’ Tinubu’s ‘Akara’ M...
   [+] Fetched: Congo's national oil firm in talks with Dangote re...
   [+] Fetched: New Video Shows Hanks Anuku In Distress On The Str...
   [+] Fetched: Over N37.8bn paid to depositors of failed banks in...
[thecable] Fetching page 35...
   [+] Fetched: Husband Accuses Police Of Handing Wife To Kaduna M...
[thecable] Found 10 links. Extracting metadata...
   [+] Fetched: Odumodublvck Alleges Sexual Abuse Against Blaqbone...
   [+] Fetched: âDependable friend and allyâ â Tinubu celebr...
   [+] Fetched: Governor Eno Delivers On Promise As Ibom Air Launc...
[arise] Fetching page 21...
[arise] Found 20 links. Extracting metadata...
   [+] Fetched: Thumbs up for Oga Bello at 65...
   [+] Fetched: Emir Sanusi: National Assembly Failed To Enforce I...
   [+] Fetched: Road to glory: A performance-based model for predi...
   [+] Fetched: Drake Wins $1 Million After Canada Knock South Afr...
   [+] Fetched: Nigeria's public institutions need young talent. Y...
   [+] Fetched: Oshiomhole Backs Firing Squad For Convicted Kidnap...
   [+] Fetched: NERC: DisCos received N302bn energy in April -- bu...
   [+] Fetched: BET Awards 2026: Teyana Taylor, Cardi B, Leon Thom...
   [+] Fetched: Nigeria's Q1 export story has a hole in the middle...
   [+] Fetched: Michael Breaks Oppenheimer’s Record To Become High...
   [+] Fetched: PHOTOS: Protesters light fires, wield weapons duri...
   [+] Fetched: Anthony Kila: You Shouldn’t Deregister A Major Opp...
   [+] Fetched: Nigerian healthcare: The questions worth asking...
   [+] Fetched: 271 More Nigerians To Return Tuesday As FG Resumes...
   [+] Fetched: Mr Ibu’s family dispute shows danger of polygamy, ...
   [+] Fetched: Teyana Taylor, Clipse Lead Winners At 2026 BET Awa...
   [+] Fetched: Envoy: FG to seek compensation from South Africa f...
[thecable] Fetching page 36...
   [+] Fetched: Northern CAN, Bishops Reject Trump’s Claim US Ende...
[thecable] Found 10 links. Extracting metadata...
   [+] Fetched: Smart Nwobi: More Than 1,000 Nigerians In South Af...
   [+] Fetched: Nigerian Bottling Company commissions three new pr...
   [+] Fetched: Sanwo-Olu, Abiodun Hail Police Onslaught Against C...
   [+] Fetched: US supreme court upholds birthright citizenship, s...
   [+] Fetched: NADF Begins Distribution Of 80,640 Free Fertiliser...
   [+] Fetched: FTSE Russell halts plan to upgrade Nigeria to fron...
   [+] Fetched: Tinubu, Sanwo-Olu Mourn APC National Secretary Bas...
   [+] Fetched: NDIC: Over 98 percent of depositors fully covered ...
   [+] Fetched: Adeleke Hails Military’s Sacrifices, Raises Alarm ...
   [+] Fetched: ProvidusUnity Bank Begins Operations Following Mer...
   [+] Fetched: Obi asks INEC to publish certificates of candidate...
   [+] Fetched: Nigeria Raid Yielded Biggest Terrorist Intelligenc...
   [+] Fetched: Soji Ogunnaike speaks on 25 years as a filmmaker, ...
   [+] Fetched: Fresh US-Iran Strikes Jeopardise Interim Peace Dea...
   [+] Fetched: At least 13 killed in Ghana's capital as flood wre...
   [+] Fetched: Atiku Returns To Nigeria Ahead Of Amaechi’s Expect...
   [+] Fetched: The death of political marketing in Nigeria...
   [+] Fetched: Bamidele: State Police Can No Longer Wait, Bill Ha...
   [+] Fetched: Ajomale-McWord: Nigeria’s Reforms Are Reopening St...
[arise] Fetching page 22...
   [+] Fetched: WATCH: Ayra Starr lights up Seychelles with electr...
[arise] Found 20 links. Extracting metadata...
   [+] Fetched: Nigeria warns against attacks on its citizens as a...
[thecable] Fetching page 37...
   [+] Fetched: Report Alleges Mineral Cartel Fuels Insecurity, Co...
[thecable] Found 10 links. Extracting metadata...
   [+] Fetched: Nigerian Filmmaker Doris Ariole Bags 16 TINFF Nomi...
   [+] Fetched: World Bank to drop 45% climate lending target afte...
   [+] Fetched: Nigeria Leads Africa’s Energy Investment Drive As ...
   [+] Fetched: NSIA Launches $275,000 Innovation Prize To Fund Ni...
   [+] Fetched: FACT CHECK: Social media users falsely claim Kwara...
   [+] Fetched: United Nigeria Airlines Joins AFRAA, Strengthening...
   [+] Fetched: Ace actor Elegbeje Ado is dead - TheCable Lifestyl...
   [+] Fetched: Lewandowski Agrees Chicago Fire Move...
   [+] Fetched: Soldiers raid UNIOSUN hostels, attack students...
   [+] Fetched: Eight Killed, 17 Injured In Katsina Road Crash...
   [+] Fetched: Islamic Cleric Urges Execution Of Convicted Bandit...
   [+] Fetched: '47 Ronin' director Carl Rinsch jailed 30 months f...
   [+] Fetched: Canada Defeat South Africa 1-0 To Reach World Cup ...
   [+] Fetched: PHOTOS: Another batch of Nigerians repatriated fro...
   [+] Fetched: Akume Condemns Killing Of Benue MACBAN Chairman, O...
   [+] Fetched: Morocco coach: We're unstoppable... Qatar 2022 shi...
   [+] Fetched: Tinubu Hails Fashola At 63, Praises Legacy In Gove...
   [+] Fetched: Court grants Sowore N200m bail in 'cybercrime' tri...
   [+] Fetched: PREVIEW: Cote d'Ivoire confront Norway in battle o...
   [+] Fetched: CDS, DG DSS, Others Honoured For Leadership In Com...
   [+] Fetched: 25-Year-Old ABU Student Clinches N7.5m MSMEs Award...
   [+] Fetched: FG seeks banks, law firms to advise on eurobond is...
[thecable] Fetching page 38...
   [+] Fetched: NDLEA Seizes N12.4bn Cannabis Haul, Arrests China-...
[thecable] Found 10 links. Extracting metadata...
   [+] Fetched:  Johnson To Send Housing Affordability Bill To Tru...
   [+] Fetched: Two siblings drown in Rivers boat mishap...
   [+] Fetched: Pope Leo Offers Prayers, Support For Venezuela Aft...
   [+] Fetched: FEC approves over N2trn for road, port, maritime p...
   [+] Fetched: Ivie Omoregie: National Renewal Begins With Citize...
   [+] Fetched: IN DETAIL: 11 specialised streams in NYSC, orienta...
   [+] Fetched: Eleven Killed As Plane Carrying Parachute School C...
   [+] Fetched: It's not just akara... FG also empowering tomato t...
   [+] Fetched: Kola Adepoju: Investors Masquerading As Developers...
   [+] Fetched: Cultural diplomacy: The next oil Nigeria needs to ...
   [+] Fetched: 2026 Army Day: COAS Shaibu Presents Cheques To Poe...
[arise] Fetching page 23...
   [+] Fetched: Decentralising security: The promise, perils and p...
[arise] Found 20 links. Extracting metadata...
   [+] Fetched: Shettima Urges Plateau Stakeholders To Unite At Go...
   [+] Fetched: Who regulates state-based grid-connected power pla...
   [+] Fetched: FCCPC Warns Oil Marketers Against Exploiting Consu...
   [+] Fetched: Starmer's exit and lessons for our politics...
   [+] Fetched: Major Crackdown Sees Lagos, Ogun Police Arrest 92,...
   [+] Fetched: PoS operators, CAC and the theatre of enforcement...
   [+] Fetched: Iran Accuses US Of Breaching Peace Deal As Fresh S...
   [+] Fetched: Mark Okoye, SEDC, and the trial of south-east lead...
[thecable] Fetching page 39...
   [+] Fetched: Ogun’s 28km Coastal Highway Stretch Nears Completi...
[thecable] Found 10 links. Extracting metadata...
   [+] Fetched: Opposition Uproar Greets NDC Deregistration Ruling...
   [+] Fetched: Mark Okoye, SEDC, and the trial of south-east lead...
   [+] Fetched: Governor Yusuf Says Kano Committed To Tinubu’s Re-...
   [+] Fetched: Floods as a test of state capacity in Nigeria...
   [+] Fetched: Tinubu Calls For Revival Of National Assets At Pre...
   [+] Fetched: NDC appeals court ruling voiding registration as I...
   [+] Fetched: Naval Chief Abbas Urges Personnel To Defend Democr...
   [+] Fetched: Political parties, the courts and the path To 2027...
   [+] Fetched: Nigeria Raises Alarm Over 122,696 Shortfall In Pri...
   [+] Fetched: Courts, not commentators: Rethinking Diezaniâs t...
   [+] Fetched: INEC Shifts Release Of Access Codes To Political P...
   [+] Fetched: Coalition warns against politicising presidential ...
   [+] Fetched: Oyo Lifts Oriire Curfew, Moves To Restore Normalcy...
   [+] Fetched: Newspaper Headlines: Lagos tops Nigeriaâs HIV bu...
   [+] Fetched: NCDC Ramps Up Ebola Defences, Tightens Surveillanc...
   [+] Fetched: Abdul Samad Rabiu debunks claim of bidding for 70%...
   [+] Fetched: Argentina Defeat Jordan 3-1, Messi Reaches Another...
   [+] Fetched: World Cup: Morocco defeat Netherlands on penalties...
   [+] Fetched: Trump Says US Strikes In Nigeria Ended Killings Of...
   [+] Fetched: Greatness is scheduled: Why extraordinary lives ar...
[thecable] Fetching page 40...
   [+] Fetched: Austria Snatch Last Gasp Draw Against Algeria In S...
   [+] Fetched: Late Offside Drama Sends Colombia Through As Group...
[thecable] Found 10 links. Extracting metadata...
   [+] Fetched: Vlasic’s Winner Sends Croatia Into Last 32 As Ghan...
   [+] Fetched: Davido announces release date for sixth album 'ORI...
   [+] Fetched: DR Congo Rally Past Uzbekistan 3-1 To Reach World ...
   [+] Fetched: England Cruise Past Panama 2-0 To Finish Top Of Gr...
[arise] Fetching page 24...
   [+] Fetched: Chidimma Adetshina arrested, faces deportation in ...
[arise] Found 20 links. Extracting metadata...
   [+] Fetched: CSO seeks mandatory pre-registration security scre...
   [+] Fetched: Jigawa Launches Biggest-Ever Farm Support Scheme, ...
   [+] Fetched: FEC approves national snakebite treatment centre, ...
   [+] Fetched: Gas Explosion Razes LPG Outlet In Jigawa, Destroys...
   [+] Fetched: Army Chief Shaibu Says 8,000 Newly Trained Soldier...
   [+] Fetched: APPLY: INEC begins recruitment of ad hoc staff for...
   [+] Fetched: Burkina Faso Cuts Ties With France Over Terrorism ...
   [+] Fetched: NAFDAC uncovers warehouse with N42m expired baby w...
   [+] Fetched: Shettima: MSMEs Power Jobs, Prosperity Across Nige...
   [+] Fetched: NAUS threatens to shut down South African business...
   [+] Fetched: Kano Pledges Massive Votes For Tinubu In 2027, Dir...
   [+] Fetched: Rescued teacher recounts how troops saved 10 victi...
   [+] Fetched: Anti-Terror Group Warns Insurgents Seek To Divide ...
   [+] Fetched: Taiwo Oyedele: FG engaging oil marketers, regulato...
   [+] Fetched: Uwazuruike Urges Ohanaeze To Stop Kanu From Recrui...
   [+] Fetched: EFCC files money laundering charges against ex-Por...
[thecable] Fetching page 41...
   [+] Fetched: ECOWAS Court Dismisses SERAP’s Suit Challenging Ni...
[thecable] Found 10 links. Extracting metadata...
   [+] Fetched: NFF Pays Tribute To Former Super Eagles Coach Onig...
   [+] Fetched: Building á»má»lÃºÃ bÃ­ is the essence of parenti...
   [+] Fetched: Army Redeploys Theatre Commanders, GOCs, 15 Other ...
   [+] Fetched: Nigeriaâs greatest asset: Why human capital must...
   [+] Fetched: Tunji-Ojo: Seven Boko Haram, ISWAP Commanders Arre...
   [+] Fetched: Fraud investigators ask APBN to halt ICAN's forens...
   [+] Fetched: Afreximbank Appoints Olowononi As Southern Africa ...
   [+] Fetched: NSCIA: Muslims are baselessly profiled as perpetra...
   [+] Fetched: Usyk Vacates Heavyweight Titles But Rules Out Reti...
   [+] Fetched: Trump aide: US troops killed 199 jihadists in sing...
   [+] Fetched: ECOWAS Court Launches Electronic Case Management S...
   [+] Fetched: ProvidusUnity Bank begins operations after merger,...
   [+] Fetched: Stakeholders Urge Private Sector To Turn Displaced...
   [+] Fetched: FG to launch education data platform with records ...
   [+] Fetched: DSS Releases, Compensates Man Wrongfully Arrested ...
   [+] Fetched: ‘I'm nearly 60 with no wife, child’ - Speed Darlin...
   [+] Fetched: Gates Foundation Urges Nigerian Innovators To Buil...
   [+] Fetched: Trump Accuses Iran Of Strait Of Hormuz Cargo Ship ...
   [+] Fetched: FEC approves six weeks orientation, new uniform in...
   [+] Fetched: Germany Under Heat Alert As Record Temperatures Sw...
[arise] Fetching page 25...
   [+] Fetched: WhatsApp introduces usernames to allow users hide ...
[thecable] Fetching page 42...
[arise] Found 20 links. Extracting metadata...
[thecable] Found 10 links. Extracting metadata...
   [+] Fetched: US Strikes Iran After Cargo Ship Attack In Strait ...
   [+] Fetched: FEC approves $2.9bn, N215bn financing for transpor...
   [+] Fetched: Gabriel Ibobo: Governance Is Procedural, It’s Not ...
   [+] Fetched: Fubara vows urgent intervention over gas leak in R...
   [+] Fetched: Katsina Secures $8 Million World Bank Support To E...
   [+] Fetched: Ramaphosa warns against violence ahead of Tuesday'...
   [+] Fetched: MTN Chairman: State Failure, Not Foreigners, Fuels...
   [+] Fetched: FAAN says Lagos airport operations restored after ...
   [+] Fetched: Dickson: NDC Under Attack But We Will Prevail...
   [+] Fetched: EXPLAINER: Inside the logo tussle culminating in N...
   [+] Fetched: Governor’s Son Warns Of Growing Youth Frustration ...
   [+] Fetched: 'First class upper doesn't exist here' — Babcock t...
   [+] Fetched: Nigeria Secures UN Women’s Rights Committee Seat W...
   [+] Fetched: Court orders INEC to register ADA as political par...
   [+] Fetched: Peter Obi Urges Delay of State Police Until After ...
   [+] Fetched: Oil Slump: Nigerians Demand Petrol Price Cut As Cr...
   [+] Fetched: Ndume: Fresh Borno school abduction shows FG must ...
   [+] Fetched: NECO Unveils 2026 BECE Results, Announces July 22–...
   [+] Fetched: Tinubu swears in two RMAFC, six NPC commissioners...
   [+] Fetched: Sanwo-Olu: Owners Of Distressed Lagos Building Tha...
   [+] Fetched: Troops rescue 10 students abducted from Borno scho...
[thecable] Fetching page 43...
[thecable] Found 10 links. Extracting metadata...
   [+] Fetched: Belgium Thrash New Zealand 5-1 To Reach World Cup ...
   [+] Fetched: Laolu Akande receives 2026 Voice of Truth award fr...
   [+] Fetched: Emefiele Alleges DSS Tortured Him, Seeks Rejection...
   [+] Fetched: Dembélé Hat-Trick Powers France To 4-1 Victory Ove...
   [+] Fetched: Mobile screens and sounds launches MSS event tech ...
   [+] Fetched: NCAA Slams Saudi Airlines With N6m Fine For Consum...
   [+] Fetched: Akume: FG Won’t Spare Any Effort To Free Nigerians...
   [+] Fetched: Chicken Republic unveils improved smokey jollof...
   [+] Fetched: Venezuela Earthquake Death Toll Climbs To 920...
   [+] Fetched: AFNIS 2026: How Segilola Resources is helping shap...
   [+] Fetched: Bloomberg: Nigeria Accesses First Tranche Of $5bn ...
   [+] Fetched: Air Peace flights disrupted as power surge affects...
   [+] Fetched: Cape Verde Hold Saudi Arabia To Goalless Draw To S...
   [+] Fetched: Ayra Starr meets Seychelles president ahead of the...
   [+] Fetched: Egypt Hold Iran In Tense 1-1 Draw To Reach World C...
[arise] Fetching page 26...
[arise] Found 20 links. Extracting metadata...
   [+] Fetched: Spain Knock Uruguay Out Of The World Cup With 1-0 ...
   [+] Fetched: Why policy writers are critical to nation building...
   [+] Fetched: Gbenga Omotoso: Collapsed Alakija Building Was Mar...
   [+] Fetched: 16-year-old student becomes youngest chartered acc...
   [+] Fetched: Charly Boy: I Made Mistakes in My Life, But I Foun...
   [+] Fetched: Man City unveil Enzo Maresca as Guardiola's succes...
   [+] Fetched: Senegal Hammer Iraq 5-0 To Keep Round Of 32 Dream ...
   [+] Fetched: FG bans commercial motorcycles, tricycles from Lag...
[thecable] Fetching page 44...
   [+] Fetched: Tinubu Celebrates Oando CEO Adewale Tinubu At 59, ...
   [+] Fetched: Akpabio Says Integrated National Identity System S...
[thecable] Found 10 links. Extracting metadata...
   [+] Fetched: PDP Condemns Court Order Deregistering NDC, Allege...
   [+] Fetched: NDC Rejects Court Deregistration Blow, Set To File...
   [+] Fetched: Ballot or the bench? The dangerous precedent that ...
   [+] Fetched: Nollywood Actor Joseph Momodu Joins US Army...
   [+] Fetched: inDrive unveils KieKie as Chief Wahala Officer...
   [+] Fetched: Enugu Anglican Bishop Urges FG To End Reintegratio...
   [+] Fetched: Tems: Why I can't date Super Eagles' Maduka Okoye ...
   [+] Fetched: ICPC Moves To Institutionalise Anti-Corruption Tea...
   [+] Fetched: Fix deplorable roads before initiating new ones, O...
   [+] Fetched: Tinubu Signs New NIMC Law To Establish Single Digi...
   [+] Fetched: NDC, the Kogi verdict and the politicisation of th...
   [+] Fetched: Peter Obi Says ‘Attempts To Stop’ His 2027 Preside...
   [+] Fetched: NHRC Raises Alarm Over Rising Drug Abuse, Calls fo...
   [+] Fetched: A decade of excellence in STEM education: Iwerekun...
   [+] Fetched: Rivers Group Targets 50,000 Women for Free Skills ...
   [+] Fetched: Tunji Bello at 65: Profile in diligence...
   [+] Fetched: Nigeria, UK Deepen Defence Cooperation, Review Sec...
   [+] Fetched: The Gbajabiamila controversy: A test of Tinubu's a...
   [+] Fetched: Tinubu Vows To Eliminate Substance Abuse, Illicit ...
   [+] Fetched: 'He has done his bit' â Adeboye defends Tinubu o...
   [+] Fetched: Tinubu Defends Infrastructure Focus, Says Roads Dr...
   [+] Fetched: NELFUND warns institutions against delay in studen...
[thecable] Fetching page 45...
   [+] Fetched: Nigerian Army To Recruit Additional 28,000 Troops ...
[thecable] Found 10 links. Extracting metadata...
   [+] Fetched: Obasanjo Meets Kwankwaso In Kano ...
[arise] Fetching page 27...
[arise] Found 20 links. Extracting metadata...
   [+] Fetched: Ayobami Ojo: Why I no longer want to be called an ...
   [+] Fetched: MACBAN: Killing Of Benue Chairman After Security M...
   [+] Fetched: Dangote, Tanzanian president meet over investments...
   [+] Fetched: Maxwell Opara: National Assembly Must Hold Executi...
   [+] Fetched: FG resumes evacuation of Nigerians in South Africa...
   [+] Fetched: Gbajabiamila: Tinubu Inherited Economy Living On B...
   [+] Fetched: Nigerian lady aims for world record with 144-hour ...
   [+] Fetched: Reno Omokri: Nigeria Is More Secure Under Presiden...
   [+] Fetched: Beyond capital: Why Nigeria's next banking reform ...
   [+] Fetched: Troops Reject Fresh Move To Deploy ‘Repentant’ Bok...
   [+] Fetched: Emmanuel Ogidi: PDP Will Resolve Internal Crisis, ...
   [+] Fetched: Troops foil security breach at NIPSS in Plateau --...
   [+] Fetched: ‘You Need Education, Not Marriage’: Geh Geh Advise...
   [+] Fetched: Report: Cape Verde's team captain under probe for ...
   [+] Fetched: Nigeria Seeks 277GW Power Capacity By 2060, $10bn ...
   [+] Fetched: Roads, homes submerged as floods afflict Lagos com...
   [+] Fetched: Two Sentenced To Death Over Kidnapping Of NYSC Off...
   [+] Fetched: Gunmen attack Borno school, abduct students writin...
   [+] Fetched: Tinubu Approves National Health Technology Office,...
   [+] Fetched: PREVIEW: Morocco take on Netherlands in World Cup ...
[thecable] Fetching page 46...
   [+] Fetched: ‘N15m For A Decent Flat?’: Asherkine Laments Risin...
[thecable] Found 10 links. Extracting metadata...
   [+] Fetched: Young Man Dies After Allegedly Stabbing Himself To...
   [+] Fetched: Adeboye: I like Trump -- he's the best politician ...
   [+] Fetched: Peter Obi Says NDC Deregistration Cannot Stand, Vo...
   [+] Fetched: DOWNLOAD: Full text of judgement derecognising NDC...
   [+] Fetched: Orlu: Consumer Preferences, Diaspora Travel Drivin...
   [+] Fetched: 'Senior ISWAP commanders' surrender to troops in B...
   [+] Fetched: NATO Faces Uphill Battle To Strengthen Arctic Defe...
   [+] Fetched: FULL LIST: Tems performs as Nigerian stars lose ou...
   [+] Fetched: Peller To Ycee: ‘You’re the Illiterate’ Over ‘Olod...
   [+] Fetched: PHOTOS: Beyond illegal dumpsites, Abuja faces anot...
   [+] Fetched: Mr Ibu’s Widow: ‘My Children Are Out Of School, We...
   [+] Fetched: Iroye Samuel: Tinubu Has Delivered Tangible Reform...
   [+] Fetched: âIt should be left for next governmentâ â Di...
   [+] Fetched: Xi Pledges China-Cambodia Security Partnership...
   [+] Fetched: Employers' summit, Nigeria Energy Forumâ¦ busines...
   [+] Fetched: Portable, Charles Okocha Confirm July 31 For Boxin...
[arise] Fetching page 28...
   [+] Fetched: Atiku: There's a plot to prevent ADC from particip...
[arise] Found 20 links. Extracting metadata...
   [+] Fetched: US Seeks Stronger Trade, Investment Partnership Wi...
   [+] Fetched: Reframing the conversation: Why akara, corn and ku...
   [+] Fetched: Court Voids Earlier Order Directing INEC To Regist...
   [+] Fetched: In defence of the Dangote refinery...
[thecable] Fetching page 47...
   [+] Fetched: Despite N200,000 Base Fare, Poor Demand Forces Air...
   [+] Fetched: Wahab: Illegal Wetland Development Is Worsening La...
[thecable] Found 10 links. Extracting metadata...
   [+] Fetched: Davido Drops First 2026 Single...
   [+] Fetched: Umar Jijiwa: Tinubu Will Win Not Just Because He’s...
   [+] Fetched: Caracas reflections: In the footsteps of Bolívar a...
   [+] Fetched: Liborous Oshoma: The Government Is Living An Econo...
   [+] Fetched: State police: A dangerous fix to a deeper governan...
   [+] Fetched: Australia Moves To Toughen Under-16 Social Media B...
   [+] Fetched: Nigeria's ominous absence from the 2026 World Cup...
   [+] Fetched: 2026 World Cup Breaks All-Time Attendance Record W...
   [+] Fetched: South Korea To Train 500,000 Drone Warriors As Seo...
   [+] Fetched: No more silence: PwC charts the future of whistleb...
   [+] Fetched: Wike Defends Tinubu’s Infrastructure Drive, Faults...
   [+] Fetched: Newspaper Headlines: 1.34 million Nigerians denied...
   [+] Fetched: Tokunbo Wahab: Great Wall Of Lagos Must Be Extende...
   [+] Fetched: Concerns as new video shows Hanks Anuku lying on s...
   [+] Fetched: Japan Braces For Twin Storm Threat As Torrential R...
   [+] Fetched: Thousands of UBA employees participate in environm...
   [+] Fetched: King Charles First British Monarch To Publicly Dis...
   [+] Fetched: Eustaquioâs late strike knocks South Africa out ...
   [+] Fetched: Sanusi Warns ECOWAS Against Rushing ECO Launch wit...
   [+] Fetched: Buhari's daughter bags Africa peace award, dedicat...
   [+] Fetched: CBN Orders Immediate Freeze Of Assets Linked To Si...
   [+] Fetched: Seriake Dickson: NDC hasn't been deregistered desp...
[thecable] Fetching page 48...
   [+] Fetched: Myanmar Burns $600 Million Worth Of Seized Heroin,...
[thecable] Found 10 links. Extracting metadata...
   [+] Fetched: #EndSARS: DNA Test Confirms Unidentified Body Is M...
   [+] Fetched: Senate rejects criticism of state police bill, say...
   [+] Fetched: Gbajabiamila: N70,000 Minimum Wage No Longer Meets...
   [+] Fetched: Gombe Launches Subsidised Fertiliser Sales, Distri...
[arise] Fetching page 29...
   [+] Fetched: Eniola Bolaji wins silver at British & Irish Para-...
[arise] Found 20 links. Extracting metadata...
   [+] Fetched: Amusan wins women's 100m hurdles at Paris Diamond ...
   [+] Fetched: Nigeria Loses Up To $17.8bn Yearly To Illicit Fina...
   [+] Fetched: Troops arrest suspected ISWAP spy over planned att...
   [+] Fetched: Appeal Court Fixes July 7 To Hear ADC, Accord Chal...
   [+] Fetched: Akume condemns killing of Benue MACBAN chairman, d...
   [+] Fetched: Lagos Targets Delivery Of 2,000 Housing Units By M...
   [+] Fetched: US Lawmaker Proposes Bill For Mandatory Reporting ...
   [+] Fetched: Islamic cleric asks FG to execute convicted bandit...
   [+] Fetched: Turkey Sign Out Of The World Cup With 3-2 Win Over...
   [+] Fetched: Museveniâs son shuts Ugandan media outlets, says...
   [+] Fetched: ‘Gasoline Prices Better Start Going Down’: Trump W...
   [+] Fetched: CPPE: Textile import ban will create supply shorta...
   [+] Fetched: Oyedele: Nigeria Still Falling Short On Tax Revenu...
   [+] Fetched: State Assemblies Back State Police Bill As Falana ...
   [+] Fetched: Teacher allegedly beaten to death for flogging pup...
   [+] Fetched: Nestoil, Neconde Sue FirstBank, Access, Zenith, Ot...
   [+] Fetched: APC chieftain backs Remi Tinubu, says many success...
[thecable] Fetching page 49...
   [+] Fetched: Australia Through To Last 32 As Paraguay Edge Clos...
[thecable] Found 10 links. Extracting metadata...
   [+] Fetched: Netherlands Top Group F With 3-1 Tunisia Win, Set ...
   [+] Fetched: FCCPC accuses oil marketers of exploiting Nigerian...
   [+] Fetched: Troops Dismantle ISWAP Roadblock, Rescue 53 Civili...
   [+] Fetched: Sunday Dare defends Remi Tinubu's comments, says '...
   [+] Fetched: Elanga Stunner Earns Sweden 1-1 Draw With Japan, S...
   [+] Fetched: NDLEA intercepts âN12.3bnâ illicit drug consig...
   [+] Fetched:  Pepe Double Against Curacao Fires Ivory Coast Int...
   [+] Fetched: IN DETAIL: Stock market turnover fell 47% to N134b...
   [+] Fetched: First Lady Tinubu Expresses Confidence Nigeria Wil...
   [+] Fetched: INTERVIEW: If we donât get security right, it's ...
   [+] Fetched: Ecuador Stun Germany 2-1 To Reach World Cup Knocko...
   [+] Fetched: Akinseye-George: You Can’t Generalise That Bail Is...
   [+] Fetched: Pro-APC group defends Remi Tinubu's 'akara busines...
   [+] Fetched: Tinubu Celebrates Sanwo-Olu At 61, Gbajabiamila At...
   [+] Fetched: Police rescue five kidnap victims, arrest suspects...
   [+] Fetched: Shettima Directs Activation Of Flood Early Warning...
   [+] Fetched: Ebuka Obi-Uchendu, wife expecting third child - Th...
   [+] Fetched: Abdulkareem Musa: Sowore’s Trial Has Shifted From ...
[arise] Fetching page 30...
   [+] Fetched: REVIEW: 'The Polygamist' isn't really about polyga...
[arise] Found 20 links. Extracting metadata...
   [+] Fetched: Dapo Abiodun commends police over anti-kidnapping ...
[thecable] Fetching page 50...
   [+] Fetched: Tinubu Raises Cash Grant To N25,000 As 154,412 Jig...
[thecable] Found 10 links. Extracting metadata...
   [+] Fetched: Fubara Orders Closure Of Collapsed Building Site, ...
   [+] Fetched: The 'olodo uprising' is not about Peller - it is a...
   [+] Fetched: Jigawa Opens Bids For New Dutse Emir’s Palace Proj...
   [+] Fetched: PHOTOS: Pastor Adegboyega school wins at 2026 Kids...
   [+] Fetched: Police Will Not Recruit Repentant Terrorists, DIG ...
   [+] Fetched: ALERT: FG warns Nigerian banks of ATM cyber attack...
   [+] Fetched: Police Arrest Four Over Kidnap, Murder As Amotekun...
   [+] Fetched: FG Vows To Restore Nigeria’s Global Influence Thro...
   [+] Fetched: APC not behind political violence in Osun, says Oy...
   [+] Fetched: Police Debunk Viral Military Helicopter Security A...
   [+] Fetched: Blaqbonez kicks as Odumodublvck accuses him of sex...
   [+] Fetched: Anambra Police Rescue Woman Accused Of Child Traff...
   [+] Fetched: Sam Anyanwu: It's my turn to govern Imo...
   [+] Fetched: Dangote Refinery Cuts Petrol Gantry Price To N1,12...
   [+] Fetched: INSIGHT: How APC's ticket wars exposed cracks in i...
   [+] Fetched: Sowore Denied Bail + Miyetti Allah Charged For $2....
   [+] Fetched: IGP Disu Reinforces Security In Bokkos, Deploys AI...
   [+] Fetched: From wedding to wealth goals: How to stop entering...
   [+] Fetched: Sowunmi: It Will Be Magical for Anybody to Easily ...
   [+] Fetched: Ejumedia: Strait Of Hormuz Reopening, Stable Deman...
   [+] Fetched: Dotun Oloniyo, Simi Drey, Ifeoma Nebe… TCL’s celeb...
   [+] Fetched: 16 Rescued Alive  As Multi-Agency Teams Race To Re...
   [+] Fetched: PREVIEW: African teams' group stage heroics meet E...
[thecable] Fetching page 51...
   [+] Fetched: Katsina Awards 66 Water Projects, Inaugurates 32...
[thecable] Found 10 links. Extracting metadata...
   [+] Fetched: Canada Versus South Africa To Open World Cup Round...
   [+] Fetched: 'N1m for 12 yards' - Peller, Jarvis reveal wedding...
   [+] Fetched: Russia Warns Of Legal Action If Britain Sells Seiz...
   [+] Fetched: Kaduna to cater for family of woman lynched over a...
   [+] Fetched: Ukraine Expects Over €10bn In Deals At Poland Reco...
   [+] Fetched: Troops rescue 36 Benue indigenes in Cross River co...
   [+] Fetched: Terrorists Kill Sokoto Chief Imam, Abduct Married ...
   [+] Fetched: VeryDarkMan Slams Sowore Supporters Over Court Scu...
[arise] Fetching page 31...
   [+] Fetched: Newborn rescued from Venezuela earthquake rubble...
[arise] Found 20 links. Extracting metadata...
   [+] Fetched: Zimbabwe Senate Approves Constitutional Amendments...
   [+] Fetched: The northern dialogue: Population explosion and re...
   [+] Fetched: Dubai Convened Emergency Business Summit After Ira...
   [+] Fetched: Why northern elites should confront the crisis at ...
   [+] Fetched: Monday Ubani: Without Functional Local Governments...
   [+] Fetched: Recent remarks by Nigeria's First Lady on grants f...
   [+] Fetched: Court Remands TikToker Over Alleged Cyberbullying ...
   [+] Fetched: Nigeria-Philippines Trade Jumps 700% To $300 Milli...
   [+] Fetched: Peter Obi, the NDC crisis, and the failure of Nige...
   [+] Fetched: Second Batch Of Nigerians Evacuated From South Afr...
   [+] Fetched: Olu Falaeâs 'The Triumph Of Grace': Critical ins...
   [+] Fetched: Fayose Gifts ₦1M To Ekiti Woman Who Refused Allege...
   [+] Fetched: Beyond identity: Why Nigeriaâs new NIMC law is r...
[thecable] Fetching page 52...
   [+] Fetched: Intra-African Trade Rises 5.5% To $213.8bn In 2025...
[thecable] Found 10 links. Extracting metadata...
   [+] Fetched: Oil Falls To Pre-Iran Conflict Levels As Middle Ea...
   [+] Fetched: Nigeria Unveils Major Platinum, Lithium And Rare E...
   [+] Fetched: Musk’s Wealth Falls Below $1 Trillion As SpaceX Se...
   [+] Fetched: The communication cost of governance: When the mes...
   [+] Fetched: Wizkid, Asake Attend Star-Studded Louis Vuitton SS...
   [+] Fetched: Hunger: InÂ defence of Bayo Onanuga...
   [+] Fetched: Religious Leaders Benefit Most From Nigeria’s Hard...
   [+] Fetched: The 'olodo uprising': When Nigeria's anti-intellec...
   [+] Fetched: ‘I Don’t Steal Money’: Desmond Elliot Defends His ...
   [+] Fetched: FULL FIXTURES: Record nine African teams reach Wor...
   [+] Fetched: Seun Kuti: Fela Would Never Have Been Great Withou...
   [+] Fetched: Newspaper Headlines: Funding delay raises fears ah...
   [+] Fetched: YCee Reveals Years Of Treatment Following Mental H...
   [+] Fetched: Iraq Warns It May Reconsider OPEC Membership Witho...
   [+] Fetched: APC wins all chairmanship, councillorship seats in...
   [+] Fetched: One Dead, Two Rescued As Three-Storey Building Col...
   [+] Fetched: Nigerians can now see Tinubu's true colours, says ...
   [+] Fetched: Barrymore Videos Spark Privacy Concerns Over Secre...
   [+] Fetched: The state of policing in Nigeria...
   [+] Fetched: First Lady Tinubu Defends President’s Reforms, Say...
[arise] Fetching page 32...
   [+] Fetched: Kola Oyewo to be buried in Osun Aug 7 - TheCable L...
[arise] Found 20 links. Extracting metadata...
   [+] Fetched: Oyo lifts curfew in 10 LGAs, says security situati...
[thecable] Fetching page 53...
   [+] Fetched: Niger Assembly Suspends Plenary Amid Fallout From ...
[thecable] Found 10 links. Extracting metadata...
   [+] Fetched: Wike Dares Turaki Faction Ahead Of INEC Access Cod...
   [+] Fetched: Rotarians connect, explore food and cultural attra...
   [+] Fetched: Trump Seeks $1.4bn Ebola Funding As France Confirm...
   [+] Fetched: Canada-Africa trade, investment summit to hold in ...
   [+] Fetched: IGP Disu: Attacks On Schools Will End Soon...
   [+] Fetched: Atiku Decries El Rufai’s Detention, Warns Against ...
   [+] Fetched: CSO commends DSS, military for improved collaborat...
   [+] Fetched: APC Expands Senate Dominance to 88 Seats As Four N...
   [+] Fetched: Itsekiri Group Rejects Okpe Claim Over Sapele, Cit...
   [+] Fetched: Stella Okafor: Why I sold Mr Ibu's properties in E...
   [+] Fetched: ADC Dismisses Crisis, Reaffirms Atiku–Amaechi 2027...
   [+] Fetched: Sources: INEC yet to receive CTC of court ruling v...
   [+] Fetched: REA, EU, Germany Deliver 505kWp Solar Mini-Grid To...
   [+] Fetched: Military: Plateau arms suspects said they sold wea...
   [+] Fetched: FG To Manufacturers: Era Of Diesel Generators As P...
   [+] Fetched: 'Education, intelligence not same thing' - Ladipoe...
   [+] Fetched: Olivia Rodrigo Makes Billboard History, Joins Beyo...
   [+] Fetched: CIoD Nigeria to spotlight womenâs influence in t...
   [+] Fetched: GTA 6 To Cost £70 As Rockstar Drops Disc From Phys...
   [+] Fetched: Falade Says Train 7 Project Reaches 90% Completion...
   [+] Fetched: Evidence against economic alarmism and manufacture...
   [+] Fetched: Tinubu Urges Africa To Turn Resource Wealth Into I...
   [+] Fetched: Mr Ibu’s family gets N7.5m in donations after wido...
[thecable] Fetching page 54...
   [+] Fetched: Customs Seizes N4.62bn Smuggled Goods, Intensifies...
[thecable] Found 10 links. Extracting metadata...
   [+] Fetched: Mbah To Criminals: You Can Run, But You Cannot Hid...
   [+] Fetched: Nigeria's search for influence in Washington under...
   [+] Fetched: Trump Seeks $87.6bn From Congress As Emergency Pac...
   [+] Fetched: NAFDAC launches 'read your label' campaign to ensu...
   [+] Fetched: Jaiz Bank Shareholders Approve N150bn Capital Rais...
   [+] Fetched: TCN substation maintenance to disrupt power supply...
   [+] Fetched: NEITI Begins Validation Push As EITI Rejects Niger...
   [+] Fetched: ALTON backs NCCâs push for local smartphone manu...
   [+] Fetched: Trump Weighs In On Burnham, Labels Him As ‘Extreme...
[arise] Fetching page 33...
[arise] Found 20 links. Extracting metadata...
   [+] Fetched: How do you grow from zero? Mercy the influencer an...
   [+] Fetched: Legal Body Suspends Ozekhome’s SAN Rank Pending Di...
   [+] Fetched: Abuja hospital now offers new laser prostate treat...
   [+] Fetched: Former AIG Alapinni Says State Police Will Strengt...
   [+] Fetched: Burkina Faso severs diplomatic ties with France ov...
   [+] Fetched: Sanwo Olu Hails Tinubu As Champion Of True Federal...
   [+] Fetched: Beyond capital: Why Nigeria's next banking reform ...
   [+] Fetched: Senate Passes Police Trust Fund Bill...
   [+] Fetched: Mr Ibu’s family gets N7.5m in donations after wido...
   [+] Fetched: Delta Government Debunks Uduaghan Death Rumour, Co...
   [+] Fetched: Police Clarify Controversial Katsina Video, Say Ar...
   [+] Fetched: DSS frees, compensates man wrongly linked to Boko ...
[thecable] Fetching page 55...
[thecable] Found 10 links. Extracting metadata...
   [+] Fetched: South Africa 1-0 South Korea: Maseko Fires South A...
   [+] Fetched: Venezuela Hit By Twin Powerful Earthquakes As Buil...
   [+] Fetched: Army reshuffles senior officers across commands, a...
   [+] Fetched: Morocco Beat Haiti 4-2 With Late Double To Cruise ...
   [+] Fetched: Shettima to entrepreneurs: Continue building your ...
   [+] Fetched: Mexico Complete Group Stage With 100% Record After...
   [+] Fetched: Venezuela earthquakes kill nearly 1,000, tens of t...
   [+] Fetched: Vinicius Brace Helps Brazil Cruise Into Knockout S...
   [+] Fetched: TCL radio picks: Ayra Starr’s ‘Tornado’ debuts as ...
   [+] Fetched: Katsina Government Denies Sponsoring Hajj For Band...
   [+] Fetched: Nigeriaâs best journalists are leaving -- and re...
   [+] Fetched: PRP Raises Alarm Over Insecurity, Economic Hardshi...
   [+] Fetched: Remi & Nneoma, Iwe Ala… 10 movies you should see t...
   [+] Fetched: Remi Tinubu Defends Economic Reforms, Says Sacrifi...
   [+] Fetched: Tunji-Ojo: Seven Boko Haram, ISWAP commanders retu...
   [+] Fetched: Tinubu Takes Responsibility For Reform Hardship, U...
   [+] Fetched: Senate Moves To Prevent Governors From Abusing Sta...
   [+] Fetched: Ekiti elections and the lessons we keep refusing t...
   [+] Fetched: ActionAid Accuses Presidency Of Downplaying Hunger...
   [+] Fetched: POST-MORTEM: How Peter Obi's allies lost out in ND...
   [+] Fetched: Idris Zekeri: Tinubu’s Resignation Is The Smart Op...
   [+] Fetched: Trump: US military action ended slaughter of Chris...
[thecable] Fetching page 56...
[thecable] Found 10 links. Extracting metadata...
   [+] Fetched: Odinkalu Accuses Ojukwu University, Anambra Govern...
   [+] Fetched: POWA Provides Cash, Food Support To Widows In Jiga...
[arise] Fetching page 34...
   [+] Fetched: State police: The ultimate vindication of Uba Sani...
[arise] Found 20 links. Extracting metadata...
   [+] Fetched: Gunmen kill Benue Miyetti Allah chair, son...
   [+] Fetched: Adaramodu: Safety Valves In Place To Ensure State ...
   [+] Fetched: âAll she needed was oxygenâ â outrage as 400...
   [+] Fetched: Security Operatives Neutralise Four Suspected Sece...
   [+] Fetched: Amachree: Corruption, Lack Of Patriotism Among Pol...
   [+] Fetched: The decline of school sports and what Nigeria stan...
   [+] Fetched: Idris Zekeri: For Onanuga To Disregard Nigerians’ ...
   [+] Fetched: Like it or not, this is Africa's moment...
   [+] Fetched: Court Awards Ondo Woman N25m Damages Over Child’s ...
   [+] Fetched: World Cup: Cape Verde's fairytale ride enters knoc...
   [+] Fetched: Ndume: I Support State Police, But I’m Not Comfort...
   [+] Fetched: Switzerland Beat Canada 2-1 To Top Group B, Both A...
   [+] Fetched: The plastic bag on my car window: A lesson in citi...
   [+] Fetched: ADC Slams Onanuga Over ‘No Hunger’ Comment, Says T...
   [+] Fetched: Qatar Eliminated From World Cup As Bosnia And Herz...
   [+] Fetched: Newspaper Headlines: 700 Nigerians stranded as Sou...
   [+] Fetched: Access Bank UK Polo Day To Raise Funds For Norther...
   [+] Fetched: Iranâs bombardment, critical thinking and the wo...
   [+] Fetched: EFCC To Arraign Miyetti Allah President Over $2.53...
   [+] Fetched: âWeâre under attackâ â Dickson reacts to c...
[thecable] Fetching page 57...
[thecable] Found 10 links. Extracting metadata...
   [+] Fetched: WEF Dalian 2026: Innovation, Investment And Global...
   [+] Fetched: HERA: Extreme heat disproportionately affecting wo...
   [+] Fetched: Sokoto High Court Imposes Death Penalty On Three I...
   [+] Fetched: Senate Approves Constitutional Amendment Bill To C...
   [+] Fetched: 'A new era of modernised operations' -- Remi Tinub...
   [+] Fetched: Femi Pedro Assumes Office As Nigeria’s High Commis...
   [+] Fetched: Wizkid reveals title of seventh album - TheCable L...
   [+] Fetched: Erdogan Signals Likely Meeting With Trump At NATO ...
   [+] Fetched: Tinubu signs NIMC Act 2026 into law as FG moves to...
   [+] Fetched: Rubio Seeks To Reassure Gulf Allies As Concerns Ov...
   [+] Fetched: This is the worst possible time to implement state...
   [+] Fetched: Court Declines Immediate Release For Sowore, Adjou...
   [+] Fetched: NDC: All our candidates will be on the ballot in 2...
   [+] Fetched:  Airlines Advised To Keep Avoiding Iran Airspace D...
   [+] Fetched: Binance Seeks New Route To EU Licence After Regula...
[arise] Fetching page 35...
   [+] Fetched: Uzodimma's aide Obiageri Oguzie to be buried on Sa...
[arise] Found 20 links. Extracting metadata...
   [+] Fetched: Heatwave Triggers Massive Poultry Losses Across Fr...
   [+] Fetched: World Cup: Senegal score five to keep last-32 hope...
   [+] Fetched: U.S Names Nigerian Terror Financiers + Presidency ...
   [+] Fetched: FCC introduces tougher penalties for MDAs violatin...
   [+] Fetched: Nyesom Wike: Joseph Yobo Go And Tell The Super Eag...
   [+] Fetched: US strikes Iran after attack on cargo ship in Stra...
[thecable] Fetching page 58...
   [+] Fetched: Senate, UNODC Seek Tougher Laws Against Rising Ima...
[thecable] Found 10 links. Extracting metadata...
   [+] Fetched: NDLEA Busts Multi-Billion Naira Meth Factory In Oy...
   [+] Fetched: FG launches AI scaling hub with $7.5m Gates Founda...
   [+] Fetched: France Braces For More Extreme Heat As Europe-Wide...
   [+] Fetched: SPOTTED: Council Gbaja claims doesn't exist was al...
   [+] Fetched: Ronaldo Breaks New Ground As First Player To Score...
   [+] Fetched: 'Setback for democracy' â Obi faults court rulin...
   [+] Fetched: Marketers Predict Return To Petrol As Falling Pric...
   [+] Fetched: Uba Sani gives financial support to 97 pardoned Ka...
   [+] Fetched: ‘I Will Find You’ Becomes Netflix’s Biggest Series...
   [+] Fetched: Sam Amadi: Perceived Capture Of Judiciary Risks An...
   [+] Fetched: The digital chairman: How Yilwatda changed the con...
   [+] Fetched: Simon Okeke: Nigeria Is The Only Federally Constit...
   [+] Fetched: DJ Switch tackles Remi Tinubu for advising women t...
   [+] Fetched: ECOWAS Court Awards Journalist ₦10 Million Over As...
   [+] Fetched: Tokunbo Wahab: Residents Should Join June Environm...
   [+] Fetched: Two 'scrap metal scavengers' killed in Imo explosi...
   [+] Fetched: Maidoki Leaves APC For ADC, Citing Unresolved Part...
   [+] Fetched: Lagos: Occupants returned to collapsed building af...
   [+] Fetched: Atiku Condemns Plateau Killings, Questions Governm...
   [+] Fetched: Heatwave Triggers Power Cuts In France As Europe S...
   [+] Fetched: NCAA sanctions Saudi Airlines over regulatory 'inf...
   [+] Fetched: Japan Eyes Overhaul Of $1.3tn Reserve Fund Used To...
   [+] Fetched: 'Foolish violation of ceasefire' -- Trump accuses ...
[thecable] Fetching page 59...
   [+] Fetched: Liborous Oshoma: State Police Is Desirable, But Go...
[thecable] Found 10 links. Extracting metadata...
   [+] Fetched: Starmer Ally Jones Backs Burnham, Says More Govern...
   [+] Fetched: DSS Orders Probe Into Sowore Court Scuffle, Insist...
[arise] Fetching page 36...
   [+] Fetched: Tinubu establishes health technology, data analyti...
[arise] Found 20 links. Extracting metadata...
   [+] Fetched: Out There Media and Pulse announce strategic partn...
   [+] Fetched: Morgan Stanley Doubles China Humanoid Robot Shipme...
   [+] Fetched: Labour Party grew under my leadership, says Abure...
   [+] Fetched: Bayo Onanuga: I Don’t See The Level Of Hunger In N...
   [+] Fetched: NDC rejects court order voiding its registration, ...
   [+] Fetched: Sri Lanka Bans Fast Food, Sugary Snacks In Schools...
   [+] Fetched: Nollywood's Joseph Momodu joins US army - TheCable...
   [+] Fetched: Churchill Shares Cryptic Message After Rosy Meurer...
   [+] Fetched: Charly Boy : I Have Been Married To One Woman For ...
   [+] Fetched: Ị́hé ńkị́rị́ ámụ́má Oyakhilome gbásárá ńdị́ ná-ázọ...
   [+] Fetched: NSITF, South Africa’s RMA Partner To Strengthen So...
   [+] Fetched: MTN Group chair condemns xenophobic attacks in Sâ...
   [+] Fetched: Fresh Document Reveals How Paul Okoye Became Part ...
   [+] Fetched: Burna Boy Breaks African Billboard Hot 100 Record ...
   [+] Fetched: Ogazi quits college after consecutive NCAA titles,...
   [+] Fetched: Bishop Okonkwo: Don’t Elect Leaders Who Share Mone...
   [+] Fetched: CCB chair: London property recovered, governor's c...
   [+] Fetched: Court Adjourns Assault Suit Against Odumodublvck T...
   [+] Fetched: US hospital treats sickle cell patient with curati...
[thecable] Fetching page 60...
   [+] Fetched: NUPRC: Nigeria Moves To Deploy Drones To Tackle Oi...
[thecable] Found 10 links. Extracting metadata...
   [+] Fetched: Mike Bamiloye Announces Cinema Release of ‘Agbara ...
   [+] Fetched: Jude Chukwuka Unveils Album To Celebrate Arsenal’s...
   [+] Fetched: Kenyan, Nigerian journalists win ICFJ/Wikimedia aw...
   [+] Fetched: CSOs Seek Tougher Enforcement Of Methane Emissions...
   [+] Fetched: Nigeria joins race for seat on UN womenâs rights...
   [+] Fetched: Tinubu Calls For End To Exploitation Of Africa’s M...
   [+] Fetched: 'Don't blame Peller for your failed career' — Port...
   [+] Fetched: Munoz Goal Against DR Congo Sends Colombia Into Wo...
   [+] Fetched: Cardoso Warns Naira Abuse Raises Costs for Economy...
   [+] Fetched: OPay’s Next Frontier: Innovation, inclusion, and t...
   [+] Fetched: MAN Warns N1.92tn Credit Decline Derailing Nigeria...
   [+] Fetched: Michael Freeman: Israel Will Abide By Lebanon Ceas...
   [+] Fetched: CBN seeks stronger cross-border payment systems to...
   [+] Fetched: Senate Pledges Swift Passage After Tinubu Sends St...
[arise] Fetching page 37...
   [+] Fetched: Court sets aside judgment recognising NDC as polit...
[arise] Found 20 links. Extracting metadata...
   [+] Fetched: Patito's Gang returns with TV series after three-y...
   [+] Fetched: Paul Ibe: Tinubu Has Failed His Primary Duty To Ni...
   [+] Fetched: 'Stop using his name to beg' - actor Tenkobo berat...
   [+] Fetched: Bayo Onanuga: Ordinary Nigerians Are Praising Tinu...
   [+] Fetched: Tinubu Urges African Minerals Strategy Group To En...
   [+] Fetched: Bidiyon annabcin Oyakhilome game da 'yan takarar s...
   [+] Fetched: Oyo Government Declares 16-Hour Curfew In 10 LGAs ...
   [+] Fetched: Tinubu To Honour Nigerians In UN System, Signals P...
   [+] Fetched: Fídíò àsọtẹ́lẹ̀ tí Oyakhilome sọ nípa àwọn adíjedu...
[thecable] Fetching page 61...
   [+] Fetched: First Lady Tinubu Tasks Girls And Young Women To D...
[thecable] Found 10 links. Extracting metadata...
   [+] Fetched: Military Issues Warning In Fresh Maritime Advisory...
   [+] Fetched: Nigeria Trains New Cadre Of Weapons Experts To Cur...
   [+] Fetched: Viral video wey Oyakhilome dey prophesy about pres...
   [+] Fetched: Nigeria Moves To Tighten Response To Intimate Imag...
   [+] Fetched: State police should take effect after 2027 electio...
   [+] Fetched: Radda Meets Religious Leaders, Seeks Stronger Coll...
   [+] Fetched: Only 20% of POS operators are registered, says CAC...
   [+] Fetched: FG, EU Move To Strengthen Justice For Abused Child...
   [+] Fetched: Nigeria draws $1.5bn as first tranche of $5bn Abu ...
   [+] Fetched: Rivers Seals Six Health Facilities Over Alleged Qu...
   [+] Fetched: Ann Blyth, Oscar-nominated 'Mildred Pierce' actres...
   [+] Fetched: Hadiza Usman: Agora Policyâs governance portals ...
   [+] Fetched: Ribadu Warns Violent Extremism, Organised Crime Th...
   [+] Fetched: UNICEF Urges State Assemblies To Prioritise Childr...
   [+] Fetched: 'She sold my dad's N60m Lagos house' - Mr Ibu's so...
   [+] Fetched: NFF Debunks Fake Ashley Plumptre Claims, Urges Med...
   [+] Fetched: PHOTOS: Obasanjo, Kwankwaso hold 'constructive dis...
   [+] Fetched: Deschamps Leaves France Camp After Mother’s Death...
   [+] Fetched: Budimir Goal Gives Croatia 1-0 Win Over Panama, El...
   [+] Fetched: DOWNLOAD: Wande Coal features Wizkid in album ‘Kin...
   [+] Fetched: Live Ammunition Delivered To First Bank CEO’s Home...
   [+] Fetched: 'It's been very bad' -- Tokunbo Wahab apologises t...
[thecable] Fetching page 62...
   [+] Fetched: England Held To Goalless Draw By Resolute Ghana...
[thecable] Found 10 links. Extracting metadata...
   [+] Fetched: ICE Announces Removal Of Nigerian National Over Cr...
[arise] Fetching page 38...
   [+] Fetched: You don't need much to start akara, roasted corn b...
[arise] Found 20 links. Extracting metadata...
   [+] Fetched: Taiwo Oyedele: Nigeria still not generating enough...
   [+] Fetched: Dangote Refinery Dismisses Fuel Re-Import Claims, ...
   [+] Fetched: US Relaxes Restrictions On Iran Team, Permits Earl...
   [+] Fetched: CSO: Conduct of Ekiti governorship election met gl...
   [+] Fetched: NPA, Security Agencies Agree Task Force To End Jur...
   [+] Fetched: Convener of 'presidential promotion council' rejec...
   [+] Fetched: IGP Disu Bans Unauthorised Social Media Use By Off...
   [+] Fetched: A philosophical and political case for continuity...
   [+] Fetched: Oyebanji, Deputy Receive INEC Certificate Of Retur...
   [+] Fetched: Ronaldo Scores Brace As Portugal Thrash Uzbekistan...
   [+] Fetched: We won't allow repented criminals to join police, ...
   [+] Fetched: Tinubu To Mastercard CEO: Nigeria’s Youth Are Tech...
   [+] Fetched: 'I was remanded at Kirikiri' - TikToker arraigned ...
   [+] Fetched: Uk Congratulates Oyebanji, Raises Concerns Over Vo...
   [+] Fetched: This scourging, intractable terror...
   [+] Fetched: Nigeria Launches Largest Solar-Powered Industrial ...
   [+] Fetched: State policing bill as a major win for the restruc...
   [+] Fetched: US Sanctions Three Nigerian Bureaux de Change Over...
   [+] Fetched: US States Challenge California’s Sweeping Plastic ...
   [+] Fetched: Nigeria, Netherlands sign customs agreement to boo...
[thecable] Fetching page 63...
   [+] Fetched: King’s College London Offers Fully Funded Online H...
[thecable] Found 10 links. Extracting metadata...
   [+] Fetched: UK Moves To Curb Global Forest Loss Through Toughe...
   [+] Fetched: WEF Dalian 2026: AI Takes Center Stage As Leaders ...
   [+] Fetched: NIN should verify identity, not disclose it...
   [+] Fetched: Group Condemns Sowore’s Arrest, Warns Against Supp...
   [+] Fetched: When we laugh at the police, are we really laughin...
   [+] Fetched: El-Rufai Moves For No-Case Submission After DSS En...
   [+] Fetched: FG Orders Crackdown On Cooking Gas Hoarding As Pri...
   [+] Fetched: Court sets Sept 29 to rule in suit seeking fresh p...
   [+] Fetched: EFCC Files Fresh Charges Against Former Skye Bank ...
   [+] Fetched: Insecurity and the need for a united front among t...
   [+] Fetched: Tinubu Writes Senate, Seeks Alteration Of 1999 Con...
   [+] Fetched: Fadaâs Pikin: Uche Onyebadiâs odyssey through ...
   [+] Fetched: Court Declines El-Rufai’s Bid To Relax Bail Terms ...
[arise] Fetching page 39...
[arise] Found 20 links. Extracting metadata...
   [+] Fetched: House rent and agent palaver: A national scandal...
   [+] Fetched: Allen Onyema: FG Didn’t Fully Fund Evacuation Flig...
   [+] Fetched: Baba-Ahmed: PRP Does Not Sell Forms In Kano, That ...
   [+] Fetched: 26 rescued as death toll in Lagos building collaps...
   [+] Fetched: Allen Onyema: Airline Operators Seeking Meeting Wi...
   [+] Fetched: DOWNLOAD: Davido embraces 'bad guy' persona in 'I ...
   [+] Fetched: UN Report Accuses Israeli Forces Of Targeting Pale...
   [+] Fetched: Labour Party: Safeguards in state police bill will...
   [+] Fetched: Allen Onyema: Nigerian Airlines ‘Dead On Arrival’ ...
   [+] Fetched: Belgium Issues EU Arrest Warrant For Former Commis...
   [+] Fetched: 'Don't call us olodos' - Jarvis fires back at Ycee...
[thecable] Fetching page 64...
[thecable] Found 10 links. Extracting metadata...
   [+] Fetched: Allen Onyema: Boycott South Africa, Don’t Invest I...
   [+] Fetched: Nepal’s Former Finance Minister Arrested Over Mone...
   [+] Fetched: 'Don't call us olodos' - Jarvis fires back at Ycee...
   [+] Fetched: Shopify To Ban Vape Sales As US Regulators Intensi...
   [+] Fetched: Arsenal won the EPL... so what? Enugu Rangers won ...
   [+] Fetched: At Least 13 Killed, 66 Injured In Explosion At Qat...
   [+] Fetched: Nigeria needs male allies to drive policy action o...
   [+] Fetched: UN Chief Presses AI Companies To Reveal Environmen...
   [+] Fetched: World Cup: Cote d'Ivoire into knockout round as US...
   [+] Fetched: Miami Heat Shake Up NBA With Blockbuster Giannis A...
   [+] Fetched: Iran Rejects US Claim On Nuclear Inspections After...
   [+] Fetched: Newspaper Headlines: 36 assembly speakers back sta...
   [+] Fetched: Labour MPs Mull Leadership Bids To Prevent Burnham...
   [+] Fetched: APC chieftain calls for drones, CCTV to support st...
   [+] Fetched:  European Leaders Pay Tribute As Starmer Steps Dow...
   [+] Fetched: Police: Explosion at Lagos market caused by mechan...
   [+] Fetched: Sola Oluwagbire: Nigeria Is Reacting To Global Eve...
   [+] Fetched: Youths Urged To Build AI Skills For Future Careers...
   [+] Fetched: 'It puts information in citizens' hands' -- Olukoy...
   [+] Fetched: SERAP Demands Immediate Release Of Sowore, Calls F...
   [+] Fetched: 'He came, saw, left indelible impression' — Pete E...
   [+] Fetched: Ogun 2027: Adebutu Unveils Seven-Point Governance ...
   [+] Fetched: Three arrested over murder of veteran broadcaster,...
[thecable] Fetching page 65...
   [+] Fetched: FG Validates Over 40 National Policies, Submits UN...
[arise] Fetching page 40...
[thecable] Found 10 links. Extracting metadata...
[arise] Found 20 links. Extracting metadata...
   [+] Fetched: Court sentences two to death for kidnapping NYSC s...
   [+] Fetched: Borno Denies Spending ₦4bn On Non-Existent Rail Pr...
   [+] Fetched: Presidency Dismisses Peter Obi’s Call For Tinubu’s...
   [+] Fetched: Lagos building collapse death toll rises as rescue...
   [+] Fetched: Okowa Seen At EFCC Lagos Office Amid N1.3tn Deriva...
   [+] Fetched: Tinubu Appoints Former UNILAG Vice-Chancellor Ogun...
   [+] Fetched: Woman of valor: The unyielding spirit of Natasha A...
   [+] Fetched: Fayose Declares Political Showdown With Makinde Ah...
   [+] Fetched: Soldier detained for 'shooting' two civilians in B...
   [+] Fetched: Shettima: Nigeria Needs Selfless Leaders To Build ...
   [+] Fetched: FG completes Enugu airport concession after two de...
   [+] Fetched: Lassa Fever Death Toll Climbs To 214 As NCDC Repor...
   [+] Fetched: Family Announces Passing of Dorothy Theresa Wilkin...
   [+] Fetched: FACT CHECK: Viral video of Oyakhilome's prophecy a...
   [+] Fetched: Umahi Pressures Cement Makers To Cut Prices As Roa...
   [+] Fetched: ‘You're the illiterate’ — Peller hits Ycee for cit...
   [+] Fetched: Navy Busts Hidden Fuel Dump In Rivers, Seizes Vehi...
   [+] Fetched: NFIU CEO: Agora Policy's LGA portal will help trac...
   [+] Fetched: Report: Africa Needs $15bn Yearly To Achieve Unive...
   [+] Fetched: Portable, Charles Okocha set for boxing rematch Ju...
   [+] Fetched: FG Retained N1.1tn Before FAAC Sharing, Distorting...
   [+] Fetched: Amotekun rescues RCCG pastor, nine kidnap victims ...
[thecable] Fetching page 66...
   [+] Fetched: Judge Blocks Trump Bid To Use Immigration Database...
[thecable] Found 10 links. Extracting metadata...
   [+] Fetched: Kim Says North Korea Will Exercise Its Status As N...
   [+] Fetched: Clive Davis Dies At 94 After Building Careers Of W...
   [+] Fetched: Court affirms legality of AMCON’s appointment of A...
   [+] Fetched: NLNG Train 7 Produces 70 New Professionals, Expand...
   [+] Fetched: Spyro claims religious leaders are silent on Niger...
   [+] Fetched: Deadly Heatwave Kills 18 In France As Europe Suffe...
   [+] Fetched: US Relaxes Iran Sanctions As Trump Warns Against V...
   [+] Fetched: 'Nigerians can see it' -- Tinubu praises Wike over...
   [+] Fetched: FG Deploys DSS, EFCC, Police To Tackle LPG Hoardin...
   [+] Fetched: 'My Father's Shadow' stars Akinola Davies Jr, Sope...
   [+] Fetched: Police Reassure Lagosians After Mushin Market Bomb...
[arise] Fetching page 41...
[arise] Found 20 links. Extracting metadata...
   [+] Fetched: Dauda Lawal pledges continued support for security...
   [+] Fetched: Peter Obi: Tinubu Should Follow Starmer’s Example,...
   [+] Fetched: Police arrest four suspects over kidnapping, murde...
   [+] Fetched: Former Federal Reserve chief Alan Greenspan, credi...
   [+] Fetched: Algeria Come From Behind To Beat Jordan 2-1 And Se...
   [+] Fetched: Court orders arrest of police officer over repeate...
   [+] Fetched: Haaland Double Fires Norway Into World Cup Last 32...
   [+] Fetched: Dalian 2026: Why the WEF Meeting Matters for Afric...
   [+] Fetched: Ex-senator seeks legislative oversight in appointm...
   [+] Fetched: John Enoh: Industry Ministry Pushing ‘Made In Nige...
   [+] Fetched: Nigeria's new doorway into the electrical trade...
   [+] Fetched: Manchester United Secure Key Land Deal For Planned...
   [+] Fetched: 'No electricity, my kids are out of school' — Mr I...
[thecable] Fetching page 67...
   [+] Fetched: Cynthia Mbamalu: Ekiti State Election Shows Progre...
[thecable] Found 10 links. Extracting metadata...
   [+] Fetched: Tinubu Pays Glowing Tribute To Emir Of Lafia, Just...
   [+] Fetched: INEC trains party officials on electronic candidat...
   [+] Fetched: Tinubu Renews Hope For FCT Satellite Towns, Says E...
   [+] Fetched: Terrorists Kidnap OPC Leader, Two Others During Ra...
   [+] Fetched: FG reaffirms support for indigenous land rights in...
   [+] Fetched: Nigeria Eyes African Leadership In Ethical AI As U...
   [+] Fetched: Renewed Hope Ambassadors Rejoice With Ekiti Govern...
   [+] Fetched: Tinubu's administration lacks credibility to estab...
   [+] Fetched: NESREA Defends Plastic Waste Regulations, Rejects ...
   [+] Fetched: Daystar to host global summit on sustainable churc...
   [+] Fetched: Diaspora Nigerians Praise Contactless Passport Ren...
   [+] Fetched: Kwara Assembly Defends APC Governorship Primaries,...
   [+] Fetched: Alausa queries FUTO VC over 'irregular appointment...
   [+] Fetched: NSCDC Trains 106 FCT Officers On Firearms Handling...
   [+] Fetched: Gender gap in STEM hurting Africaâs economic com...
   [+] Fetched: NFF Expands Coaching, Refereeing Programmes To Mee...
   [+] Fetched: Dangote refinery cuts petrol ex-gantry price by N5...
   [+] Fetched: Mbappe Brace, Dembele Strike Send France Into Worl...
   [+] Fetched: EXPLAINER: HowÂ third-placed teams can qualify for...
   [+] Fetched: NLNG Trains 70 Young Professionals To Strengthen O...
[arise] Fetching page 42...
   [+] Fetched: Tinubuâs exit benefits scheme: A new social cont...
[arise] Found 20 links. Extracting metadata...
   [+] Fetched: Tinubu may win 22 states in 2027 election, says Se...
[thecable] Fetching page 68...
   [+] Fetched: Protesters Shut Down Major Roads In Ibadan Over Ab...
[thecable] Found 10 links. Extracting metadata...
   [+] Fetched: Navy Uncovers Hidden Fuel Cache, Seizes Vehicle In...
   [+] Fetched: EXTRA: Suspect blames Tinubu for crime while plead...
   [+] Fetched: Onyejeocha Seeks Return To House Of Representative...
   [+] Fetched: Six people rescued from collapsed storey building ...
   [+] Fetched: Messi Brace Seals Argentina’s 2-0 Win Over Austria...
   [+] Fetched: WATCH: Actress Omeche Oko hospitalised after on-se...
   [+] Fetched: Mma Odi Warns Vote Buying Could Worsen Ahead Of 20...
   [+] Fetched: What encounter with a South African editor taught ...
   [+] Fetched: Terver Akase: Claims Of Missing ₦139.8bn Under Ort...
   [+] Fetched: Gautier Mignot: Nigeria Has Huge Untapped Investme...
   [+] Fetched: CBN directs banks to freeze accounts of customers ...
   [+] Fetched: DSS Witness Tells Court El-Rufai Admitted Listenin...
   [+] Fetched: Ycee: How I battled bipolar disorder for six years...
   [+] Fetched: Africa Takes Centre Stage As Addis Ababa Hosts Wor...
   [+] Fetched: Lafarge unveils new corporate identity, changes na...
   [+] Fetched: Umahi Suspends Work On Ibadan-Ife-Ilesa Road Secti...
   [+] Fetched: NMDPRA Report: Dangote Refinery Dominates Nigeria’...
   [+] Fetched: Victims trapped as multi-storey building collapses...
   [+] Fetched: Energy Firms Call For Urgent Reforms As Global Pus...
   [+] Fetched: Philippines High School Shooting Leaves Three Dead...
   [+] Fetched: Wike to PDP candidates: Nobody would gift you powe...
   [+] Fetched: Court Remands Sowore in Kuje Prison, Rejects Recus...
   [+] Fetched: Kunle Afolayan’s daughter: I can't build with a ma...
[thecable] Fetching page 69...
   [+] Fetched: Egypt 3-1 New Zealand: Salah Inspires Pharaohs To ...
[thecable] Found 10 links. Extracting metadata...
   [+] Fetched: Austin Aigbe: Ekiti Elections Was ‘Free With Fear’...
   [+] Fetched: One killed, seven injured as trailer rams into APC...
   [+] Fetched: Ene Obi: Politicians Have Weaponised Poverty To Bu...
   [+] Fetched: 'My injury was from fire accident' - Kehinde Adegb...
   [+] Fetched: Maku Demands Cancellation Of Nasarawa North Bye-El...
   [+] Fetched: 18 Killed As Gunmen Launch Coordinated Attacks On ...
   [+] Fetched: ICPC arraigns el-Rufai, Jimi Lawal on amended char...
   [+] Fetched: World Cup: Cape Verde Hold Uruguay 2-2 To Keep Kno...
[arise] Fetching page 43...
   [+] Fetched: Lagos supporting 90 R&D projects in universities t...
[arise] Found 20 links. Extracting metadata...
   [+] Fetched: Why understanding pip value is essential for manag...
   [+] Fetched: Oil Prices Slide As US-Iran Talks End With Export ...
   [+] Fetched: Qatar Sends LNG Carriers Through Hormuz As Ship Tr...
   [+] Fetched: 32 dead, over 700 injured as twin earthquakes hit ...
   [+] Fetched: AA Candidate Threatens Legal Action Over Alleged I...
   [+] Fetched: Shettima Says Tinubu’s Leadership Reflects Values ...
   [+] Fetched: Elon Musk loses trillionaire status as SpaceX shar...
   [+] Fetched: Ojukwu Property Dispute: Firm Seeks IGP’s Interven...
   [+] Fetched: Family seeks answers over 'suspicious' death of Al...
   [+] Fetched: Seadogs Promote Constitutional Literacy Among Rive...
   [+] Fetched: UBA CEO warns banks against adopting AI without un...
   [+] Fetched: Ododo Promises End To Lokoja-Abuja Gridlock As Tin...
   [+] Fetched: NDLEA Arrests Two Grandfathers For Supplying Drugs...
   [+] Fetched: Primate Ayodele to Kwankwaso: I never defamed you ...
[thecable] Fetching page 70...
   [+] Fetched: Korean Author Urges Nigerian Children To Embrace C...
   [+] Fetched: India Promotes Yoga As Solution To Ageing And Mode...
[thecable] Found 10 links. Extracting metadata...
   [+] Fetched: Toy Story 5 Delivers Franchise’s Biggest Opening W...
   [+] Fetched: Second batch of Nigerians repatriated from South A...
   [+] Fetched: Umahi Accuses Peter Obi Of Desperation For Preside...
   [+] Fetched: Sanwo-Olu Says Lagos’ $259.75bn Economy Makes It A...
   [+] Fetched: Court orders INEC to register Citizens Democratic ...
   [+] Fetched: Tinubu Celebrates Obi Of Onitsha Nnaemeka Achebe A...
   [+] Fetched: Why SME growth requires more than capital...
   [-] Reached time limit with article from 2026-06-22 10:01:11+01:00. Stopping scrape.
[2026-07-06 10:21:18] [STANDALONE:ARISE] SUCCESS - Time: 1096.75s | Articles: 854

=== Finished! Saved 854 articles to /home/seyi/Documents/Antigravity/NGN site/scraper/data/arise_data_2026-07-06_10-03-01.csv ===
[2026-07-06 10:21:18] [RSS:ARISESCRAPER] SUCCESS - Time: 1096.77s
   [+] Fetched: Atiku to Tinubu: Stop blaming Nigerians, media for...
   [+] Fetched: Senate approves increase in police trust fund shar...
   [+] Fetched: What US sanctions reveal about Nigeria's terror fi...
   [+] Fetched: Kebbi APC suspends state chairman, Zuru LG chair o...
   [+] Fetched: Utilise FAAC allocations effectively to reduce pre...
   [+] Fetched: The fall of Starmer: Is Britain entering another a...
   [+] Fetched: Newspaper Headlines: EFCC to arraign US-blackliste...
[thecable] Fetching page 71...
[thecable] Found 10 links. Extracting metadata...
   [+] Fetched: South Africa reach first-ever World Cup knockout r...
   [+] Fetched: Trump alleges petrol price gouging, directs DOJ to...
   [+] Fetched: Who's likely to win the World Cup?Â A basic attemp...
   [+] Fetched: Bayo Onanuga and the full weight of bad judgment...
   [+] Fetched: Ekiti election and the Amupitan test: Why stakehol...
   [+] Fetched: City Boy Movement praises speedy passage of state ...
   [+] Fetched: State police: Senate approves safeguards against g...
   [+] Fetched: FG announces discovery of platinum, lithium deposi...
   [+] Fetched: 'They're vigilantes, not bandits' -- police dismis...
   [+] Fetched: TikToker Mirabel's rape allegation was fabricated,...
[thecable] Fetching page 72...
[thecable] Found 10 links. Extracting metadata...
   [+] Fetched: Atiku: Conditions imposed on el-Rufai amount to co...
   [+] Fetched: AfriGO drives national payment innovation at digit...
   [+] Fetched: CSOs oppose FUOYE VCâs ambassadorial nomination ...
   [+] Fetched: TRENDING VIDEO: Policeman drinks alcohol during st...
   [+] Fetched: Akpabio swears in four senators after by-election ...
   [+] Fetched: Court orders Ondo government to pay woman N25m ove...
   [+] Fetched: Oyo asks teachers to suspend strike over school ab...
   [+] Fetched: LPPC suspends Mike Ozekhome from SAN rank...
   [+] Fetched: Charly Boy: How I've stayed married for 48 years -...
   [+] Fetched: Tunji Alausa: FG spent N217bn on medical training,...
[thecable] Fetching page 73...
[thecable] Found 10 links. Extracting metadata...
   [+] Fetched: Agora Policy to graduate second fellowship cohort,...
   [+] Fetched: PHOTOS: Nigeria, UK security chiefs hold dialogue ...
   [+] Fetched: Desmond Elliot says his kind of politician doesn't...
   [+] Fetched: Nigeria running out of time to diversify economy w...
   [+] Fetched: ScienceOpen appoints Max Amuchie as expert member ...
   [+] Fetched: TikToker arraigned for 'cyberbullying' Mohbad’s wi...
   [+] Fetched: Court sentences Nigerien national, two Nigerians t...
   [+] Fetched: ACCI to FG: Ensure tax reforms don't kill business...
   [+] Fetched: US to revoke passports of citizens with child supp...
   [+] Fetched: Senate passes state police bill...
[thecable] Fetching page 74...
[thecable] Found 10 links. Extracting metadata...
   [+] Fetched: Coroner: DNA test result shows unidentified body d...
   [+] Fetched: State police with a federal off-switch...
   [+] Fetched: EXTRA: Oba of Benin fixes July 2 for traditionalis...
   [+] Fetched: Wike: We're unhappy with Eagles... smaller countri...
   [+] Fetched: Oyo CAN suspends vigils, directs churches to fence...
   [+] Fetched: The sustainability issue we often overlook...
   [+] Fetched: Senate adopts manual voting on state police bill a...
   [+] Fetched: Akin Olaiya's estranged wife reveals why their mon...
   [+] Fetched: Mexican, four Nigerians arrested as NDLEA uncovers...
   [+] Fetched: Tinubu asks senate to confirm Abayomi Fashina as a...
[thecable] Fetching page 75...
[thecable] Found 10 links. Extracting metadata...
   [+] Fetched: VIDEO: Wizkid, Asake attend Louis Vuitton SS27 sho...
   [+] Fetched: Ini Dima-Okojie, husband welcome baby boy - TheCab...
   [+] Fetched: PDP faction to Yilwatda: We loaned Wike to APC-led...
   [+] Fetched: Court to rule on Sowore's bail application June 30...
   [+] Fetched: FG backs US sanctions on Nigerians, BDCs âlinked...
   [+] Fetched: EXCLUSIVE: States, FCT received N2.9trn special FA...
   [+] Fetched: France confirms first-ever Ebola case after doctor...
   [+] Fetched: Kwankwaso threatens N10bn suit against Primate Ayo...
   [+] Fetched: Actress Rashidat Anjorin: Loneliness once made me ...
   [+] Fetched: Tinubu backs Mastercard plan to train 5m Nigerian ...
[thecable] Fetching page 76...
[thecable] Found 10 links. Extracting metadata...
   [+] Fetched: NPA, police move to eliminate illegal checkpoints ...
   [+] Fetched: Dangote refinery denies exporting fuel for re-impo...
   [+] Fetched: Lagos appoints leadership team for independent ele...
   [+] Fetched: How Nigeria's quiet war on terrorist financing is ...
   [+] Fetched: Economy and insecurity: The connection between Nig...
   [+] Fetched: Mr Eazi: Why Temi and I consulted 9 doctors worldw...
   [+] Fetched: We are all immigrants...
   [+] Fetched: Ghana coach: We deserved penalty against England b...
   [+] Fetched: PHOTOS: In Abuja, illegal waste dumps flourish in ...
   [+] Fetched: Beyond the crisis narrative: How LSA 2026 reimagin...
[thecable] Fetching page 77...
[thecable] Found 10 links. Extracting metadata...
   [+] Fetched: Ubuntu under siege: The tragedy of xenophobia in p...
   [+] Fetched: The Ibadan gambit: Many captains, one ship and Nig...
   [+] Fetched: Should Tinubu not learn from Starmer?...
   [+] Fetched: Visa Threats Report: As network security strengthe...
   [+] Fetched: Africa must end exploitation of its mineral resour...
   [+] Fetched: Guterres to AI firms: Disclose environmental impac...
   [+] Fetched: Yilwatda to Wike: I wish I could bring you to APC...
   [+] Fetched: NSC increases NPFL prize money to N1bn, sets N2m m...
   [+] Fetched: DSS orders probe of operatives who dragged Sowore ...
   [+] Fetched: Onward together at 70: The Nigerian Navy, its peop...
[thecable] Fetching page 78...
[thecable] Found 10 links. Extracting metadata...
   [+] Fetched: AI will not replace human connection...
   [+] Fetched: Onanuga: I don't see the level of hunger Nigerians...
   [+] Fetched: World Cup: Deschamps to miss France's final group ...
   [+] Fetched: US senate backs reps resolution directing Trump to...
   [+] Fetched: Oyo declares 16-hour curfew in 10 LGAs bordering n...
   [+] Fetched: FG, army sued over ‘indiscriminate’ military check...
   [+] Fetched: APC unveils election-monitoring situation room for...
   [+] Fetched: Newspaper Headlines: Nigeria spends five times mor...
   [+] Fetched: Rivers seals six healthcare facilities over allege...
   [+] Fetched: LISTEN: Jude Chukwuka unveils album to mark Arsena...
[thecable] Fetching page 79...
[thecable] Found 10 links. Extracting metadata...
   [+] Fetched: Again, court adjourns Odumodublvck’s 'assault' tri...
   [+] Fetched: World Cup: Ghana shut out England in frustrating g...
   [+] Fetched: Police arraign 24 suspects for ‘killing woman' ove...
   [+] Fetched: Accord demands removal of Osun CP over alleged fai...
   [+] Fetched: MTR, more than pricing...
   [+] Fetched: AI adoption in Nigeria exaggerated, says expert...
   [+] Fetched: Niger Republic formally requests withdrawal from I...
   [+] Fetched: NRGI seeks stricter enforcement of methane emissio...
   [+] Fetched: 2026 hajj: NAHCON completes return airlift, says 1...
   [+] Fetched: ‘Airlines borrowing to buy fuel’ -- Air Peace CEO ...
[thecable] Fetching page 80...
[thecable] Found 10 links. Extracting metadata...
   [+] Fetched: Obi media office to presidency: Leadership is abou...
   [+] Fetched: Tunji Disu bars police officers from unauthorised ...
   [+] Fetched: Three Nigerian BDCs listed as US names entities â...
   [+] Fetched: Kwara Poly suspends lecturer over viral video show...
   [+] Fetched: Ronaldo becomes first player to score in six World...
   [+] Fetched: Tunji Disu: I'd ban tinted vehicles nationwide if ...
   [+] Fetched: Lagos shuts Oshodi market over 'attack on sanitati...
   [+] Fetched: Gunmen abduct wife, son of APC LGA chairman...
   [+] Fetched: Elon Musk suffers largest personal wealth loss aft...
   [+] Fetched: Lagos CP: How parcel containing bullets was delive...
[thecable] Fetching page 81...
[thecable] Found 10 links. Extracting metadata...
   [+] Fetched: NDLEA opens trial of businessman over alleged poss...
   [+] Fetched: Police intercept truck conveying '47 sacks militar...
   [+] Fetched: Sanusi to confer âSarkin Fulanin Jaâidanawaâ...
   [+] Fetched: Changing the trajectory of elections in Nigeria...
   [+] Fetched: Akida Hills to transform Jabi Lake Waterfront into...
   [+] Fetched: Chelle gets new contract, improved allowances as E...
   [+] Fetched: Akpabio: Nigeria lacked courage to decentralise po...
   [+] Fetched: SEC cracks down on 'Dangote refinery IPO' adverts,...
   [+] Fetched: Engineering academy to honour Nigeria's brightest ...
   [+] Fetched: PHOTOS: Femi Pedro assumes office as Nigeria’s amb...
[thecable] Fetching page 82...
[thecable] Found 10 links. Extracting metadata...
   [+] Fetched: PHOTOS: Femi Pedro assumes office as Nigeriaâs a...
   [+] Fetched: Rights of pedestrians in traffic accidents: What e...
   [+] Fetched: 'Bereft of common sense' â supreme court fines l...
   [+] Fetched: Why Nigeria’s anti-corruption fight hinges on glob...
   [+] Fetched: The burden of reform and the reward of perseveranc...
   [+] Fetched: What manning up is costing men...
   [+] Fetched: WATCH: Spyro ignites Terra Kulture at Trace Live c...
   [+] Fetched: US sanctions Nigeria-based money exchange operator...
   [+] Fetched: TRAILER: Sequel to Mount Zion's 1993 classic 'Agba...
   [+] Fetched: Fitch warns Nigeria against $5bn Abu Dhabi loan, s...
[thecable] Fetching page 83...
[thecable] Found 10 links. Extracting metadata...
   [+] Fetched: UK deputy defence chief arrives Borno to support N...
   [+] Fetched: Burna Boy becomes African artiste with most Billbo...
   [+] Fetched: Obi condemns Sowore’s remand, seeks respect for de...
   [+] Fetched: Two ‘ISWAP spies’ killed while crossing into Niger...
   [+] Fetched: I'll never discuss my earnings with a man, says Na...
   [+] Fetched: COP31 president rallies support for electrificatio...
   [+] Fetched: Tinubu writes senate, seeks constitutional backing...
   [+] Fetched: End all forms of harassment against SERAP, global ...
   [+] Fetched: CISLAC: Diezaniâs acquittal by UK court exposes ...
   [+] Fetched: Dangote, energy security and Nigeria's moment...
[thecable] Fetching page 84...
[thecable] Found 10 links. Extracting metadata...
   [+] Fetched: Gowon’s memoir: A rendezvous with living history...
   [+] Fetched: DISINFO ALERT: Plumptre disowns fake Facebook page...
   [+] Fetched: El-Rufai opts for no-case submission as DSS closes...
   [+] Fetched: Kebbi senator leaves APC for ADC over 'injustice d...
   [+] Fetched: Terrorists attack police, immigration checkpoints ...
   [+] Fetched: WATCH: Asake performs 'M$NEY' at Spotify London co...
   [+] Fetched: Youth group convenes dialogue with FG, British Hig...
   [+] Fetched: EFCC re-arraigns ex-Skye Bank chair Tunde Ayeni ov...
   [+] Fetched: TRAILER: Osas Ighodaro stars in Bollywood-Nollywoo...
   [+] Fetched: In blessed memory of my benefactor...
[thecable] Fetching page 85...
[thecable] Found 10 links. Extracting metadata...
   [+] Fetched: Sanwo-Olu signs MoU with Climate Group as Lagos jo...
   [+] Fetched: PREVIEW: Ghana's fortuitous World Cup start faces ...
   [+] Fetched: Chaka launches Hisa, expands investment access acr...
   [+] Fetched: FG directs security agencies to crack down on hoar...
   [+] Fetched: FAAN increases airport cab tariff to N1,500, sets ...
   [+] Fetched: ICYMI: African nations demand formal apology, repa...
   [+] Fetched: United Capitalâs African expansion: Driving grow...
   [+] Fetched: A unique 2026 World Cup...
   [+] Fetched: 'Orderly and peaceful' -- UK commends INEC for Eki...
   [+] Fetched: Cross-generational leadership: The competitive adv...
[thecable] Fetching page 86...
[thecable] Found 10 links. Extracting metadata...
   [+] Fetched: Trump's 'hot potato' peace deal with Iran...
   [+] Fetched: The intelligent nation: Why Nigeria needs a nation...
   [+] Fetched: Newspaper Headlines: FG mulls tightening cashless ...
   [+] Fetched: Haaland's brace puts Senegal on the brink of World...
   [+] Fetched: Nigeriaâs path forward: Breaking the cycle of po...
   [+] Fetched: ‘He attacked me after I rejected his sexual advanc...
   [+] Fetched: Davido announces new song 'I Know Who I Be' - TheC...
   [+] Fetched: APPLY: Application opens for 2026 EducationUSA opp...
   [+] Fetched: Three arrested as security agencies intercept arms...
   [+] Fetched: One injured as âIED planted under vehicle explod...
[thecable] Fetching page 87...
[thecable] Found 10 links. Extracting metadata...
   [+] Fetched: 'He took me to amala joint' - Goge Africa's Nneka ...
   [+] Fetched: 'Childish and anti-democratic' -- presidency knock...
   [+] Fetched: 'It has ended 20 years of hardship' -- Kaduna resi...
   [+] Fetched: Clive Davis, music mogul crucial to careers of Whi...
   [+] Fetched: CSO demands audit of PVC distribution after Ekiti ...
   [+] Fetched: SEC, Rwanda’s capital market regulator sign MoU on...
   [+] Fetched: TRENDING VIDEO: Lady blocks Teni from dancing with...
   [+] Fetched: Electoral College warns against low voter particip...
   [+] Fetched: Messi becomes World Cup all-time leading goalscore...
   [+] Fetched: Grey’s Anatomy star Kate Walsh calls for urgent ac...
[thecable] Fetching page 88...
[thecable] Found 10 links. Extracting metadata...
   [+] Fetched: Ifeanyi Okowa spotted at EFCC office in Lagos...
   [+] Fetched: Tunji Olowolafe: Open distance learning is key to ...
   [+] Fetched: Tinubu appoints ex-UNILAG vice-chancellor Oluwatoy...
   [+] Fetched: Obi of Onitsha to host 2026 Ofala festival October...
   [+] Fetched: SOGON Lagos president Abidoye Gbadegesin retires a...
   [+] Fetched: The compliance challenge Nigerian exporters can't ...
   [+] Fetched: Austrian Grand Prix 2026: Schedule, track and race...
   [+] Fetched: Obi cites Starmerâs exit, asks Tinubu to resign ...
   [+] Fetched: Wizkid to host album pre-release party in Paris Ju...
   [+] Fetched: APPLY: Winner to get $5,000 as Sahara Group launch...
[thecable] Fetching page 89...
[thecable] Found 10 links. Extracting metadata...
   [+] Fetched: El-Rufaiâs âwiretappingâ interview played in...
   [+] Fetched: NMDPRA: Cooking gas sells for N2,100/kg due to mar...
   [+] Fetched: Kollington Ayinla's management threatens lawsuit o...
   [+] Fetched: Alan Greenspan, former head of US federal reserve,...
   [+] Fetched: Stranded Nigerians protest delay in second repatri...
   [+] Fetched: US, Israel and Iran: The rocky path to peace and t...
   [+] Fetched: Celestial church in Lagos begs Davido for funds to...
   [+] Fetched: Soludo: From technocrat to political contrarian...
   [+] Fetched: Japan to hike visa fees by 400% from July — first ...
   [+] Fetched: NCDC: Lassa fever killed 214 people in five months...
[thecable] Fetching page 90...
[thecable] Found 10 links. Extracting metadata...
   [+] Fetched: Sarah Omakwu: Why I borrowed my wedding dress from...
   [+] Fetched: The NDC moment: Can Nigeria's new opposition exper...
   [+] Fetched: France on red alert as heatwave sweeps through Eur...
   [+] Fetched: Angela Okorie: Why I burnt dress I wore to Alexx E...
   [+] Fetched: Wetlands: A powerful ally in climate resilience we...
   [+] Fetched: APPLY: Afe Babalola Centre seeks applications for ...
   [+] Fetched: Is Oshiomhole really fighting for Nigerians â or...
   [+] Fetched: Court remands Sowore in Kuje prison...
   [+] Fetched: INEC, police compromised during Ekiti guber poll, ...
   [+] Fetched: NMDPRA: Dangote refinery supplied 87% of Nigeriaâ...
[thecable] Fetching page 91...
[thecable] Found 10 links. Extracting metadata...
   [+] Fetched: NPFL stadium renovations could transform player pe...
   [+] Fetched: 'My Tasty Naija’ expands to London, Manchester for...
   [+] Fetched: Insecurity undermining religious freedom in Nigeri...
   [+] Fetched: Judges quarters and the question of judicial neutr...
   [+] Fetched: When will Nigeria host the World Cup?...
   [+] Fetched: Echono's research-based recipe for improving varsi...
   [+] Fetched: Gunmen kill 18 in fresh Plateau attacks...
   [+] Fetched: The productive value of the naira...
   [-] Reached time limit with article from 2026-06-22 08:51:53+00:00. Stopping scrape.
[2026-07-06 10:27:45] [STANDALONE:THECABLE] SUCCESS - Time: 1469.11s | Articles: 907

=== Finished! Saved 907 articles to /home/seyi/Documents/Antigravity/NGN site/scraper/data/thecable_data_2026-07-06_10-03-16.csv ===
[2026-07-06 10:27:45] [RSS:THECABLESCRAPER] SUCCESS - Time: 1469.11s

==================================================
All RSS Feed Scrapes Completed Successfully!
==================================================
=== NGN News Domain Structure / HTML Scrapers ===
Manual Mode: False
Time Threshold: 2026-06-22 09:27:45.767373+00:00
Initializing domain structure scrapers...
Loaded 3 domain structure scrapers.
Starting full structural data extraction with max_workers=3...
--------------------------------------------------
[pulse] Fetching page 1...
[legit] Fetching page 1...
[sahara] Fetching page 1...
[legit] Found 28 links. Extracting metadata...
[sahara] Found 30 links. Extracting metadata...
   [+] Fetched: Lady breaks record in Usmanu Danfodiyo University ...
[pulse] Found 14 links. Extracting metadata...
   [+] Fetched: Journalist Alleges Police Arrest, Detention After ...
   [+] Fetched: Police launch investigation into Ibadan masquerade...
   [+] Fetched: EXCLUSIVE: Suspected Child Trafficker Mocks Father...
   [-] Reached time limit with article from 2026-03-03 10:18:01+00:00. Stopping scrape.
[2026-07-06 10:27:49] [STANDALONE:PULSE] SUCCESS - Time: 3.59s | Articles: 0

=== Finished! Saved 0 articles to /home/seyi/Documents/Antigravity/NGN site/scraper/data/pulse_data_2026-07-06_10-27-45.csv ===
[2026-07-06 10:27:49] [DOMAIN:PULSESCRAPER] SUCCESS - Time: 3.59s
   [+] Fetched: Nigerian Army shares fresh rescue update on 39 Oyo...
   [+] Fetched: Ogoni National Congress Backs Talks With Nigerian ...
   [+] Fetched: UI student who wanted medicine changes course afte...
   [+] Fetched: BREAKING: Security Operatives Arrest Medical Exper...
   [+] Fetched: Phoebe Siegel — What to know about Love Island USA...
   [+] Fetched: How State Governments Shut Procurement Portals, De...
   [+] Fetched: Uche Ogbodo’s husband breaks silence with unsettli...
   [+] Fetched: DSS DG Reveals Agency Chose Sowore's Tinubu Insult...
   [+] Fetched: Uche Ogbodo's husband's past advice to women about...
   [+] Fetched: Nigeria Police Accused Of Abducting Secrets Report...
   [+] Fetched: WhatsApp's new username feature lets you hide your...
   [+] Fetched: BREAKING: Court Orders Nigeria Police To Prosecute...
   [+] Fetched: Uche Ogbodo's video fuels separation rumours amid ...
   [+] Fetched: BREAKING: Court Grants N5Million Bail To Social Me...
   [+] Fetched: Steven Tyler's wives and girlfriends—Yes, it's a l...
   [+] Fetched: EXCLUSIVE: 'We Take ‘Okada’ To Court, Earn Less Th...
   [+] Fetched: 2027: GEJ breaks silence on claim he was offered N...
   [+] Fetched: BREAKING: Falana To Defend Man Who Accused Femi Gb...
   [+] Fetched: Messi and Ronaldo could win Ballon d'Or again afte...
   [+] Fetched: Abuja Received N172.9Billion FAAC Allocation In 10...
   [+] Fetched: At my wedding, a lady said, "Check the bottom draw...
   [+] Fetched: EXCLUSIVE: How Kidnappers Turned Abuja Border Comm...
   [+] Fetched: Breaking: 9 farmers killed, many kidnapped as band...
   [+] Fetched: BREAKING: Bandits Kill Six Kidnapped Southern Kadu...
   [+] Fetched: "There will be blood": Iranians demand 'death of T...
   [+] Fetched: EXCLUSIVE: ‘We Were Planning To Move To Canada': W...
   [+] Fetched: Tinubu's govt threatens action after fresh Killing...
   [+] Fetched: BREAKING: Borno School Releases Names Of 36 NECO C...
   [+] Fetched: Grief as ten die as truck, bus collide on Ogun hig...
   [+] Fetched: BREAKING: Appeal Court Gives University Of Ibadan ...
   [+] Fetched: Basketmouth questions Tony Elumelu's corn purchase...
   [+] Fetched: BREAKING: Nigerian Govt Charges Five Ex-Employees ...
   [+] Fetched: Uche Ogbodo's marriage under scrutiny amid recent ...
   [+] Fetched: EXCLUSIVE: Full List Of 104 Nigerian Soldiers Decl...
   [+] Fetched: Microbiology graduate celebrates, gains admission ...
   [+] Fetched: BREAKING: Court Restores Sowore's Bail, Grants N20...
   [+] Fetched: No more N1, 075: Dangote slashes petrol price by N...
   [+] Fetched: EXCLUSIVE: Rogue Police Officers Allegedly Shieldi...
   [+] Fetched: Ondo, other states APC dumps Reps candidates who w...
   [+] Fetched: BREAKING: Nigerian Government Deploys More Gun-Wie...
   [+] Fetched: APC to announce Tinubu's 2027 running mate as INEC...
   [+] Fetched: INVESTIGATION: Pregnant Women, Children Sleep In C...
   [+] Fetched: "Like a dictator": France coach reacts to Kylian M...
   [+] Fetched: EXCLUSIVE: 104 Nigerian Army Personnel Declared Mi...
   [+] Fetched: “YCee's Olodo Uprising exposed a deeper problem in...
   [+] Fetched: EXCLUSIVE: Boko Haram Dressed As Soldiers, Forest ...
   [+] Fetched: My daughter sent me a package after 15 years — Wha...
   [+] Fetched: 'All Security Forces Sent Against Me Are My Boys':...
   [+] Fetched: Why Nigeria could lose Eric Chelle as Super Eagles...
   [+] Fetched: EXCLUSIVE: Former Expatriate Finance Director Dies...
   [+] Fetched: I found my first love’s letters in my late mom’s c...
[legit] Fetching page 2...
[legit] Found 28 links. Extracting metadata...
   [+] Fetched: BREAKING: Boko Haram Storms Borno Community, Abduc...
   [+] Fetched: 500-level OOU student shares semester results afte...
   [+] Fetched: BREAKING: ‘Irigwe Nation’ Holds Mass Burial For Ni...
   [+] Fetched: Tinubu's govt threatens action after fresh Killing...
   [+] Fetched: EXCLUSIVE: Tinubu Presidency Praises Prison Author...
[sahara] Fetching page 2...
[sahara] Found 30 links. Extracting metadata...
   [+] Fetched: Grief as ten die as truck, bus collide on Ogun hig...
   [+] Fetched: Kuje Prison Officers Raise Concerns Over Large Dep...
   [+] Fetched: Basketmouth questions Tony Elumelu's corn purchase...
   [+] Fetched: Uche Ogbodo's marriage under scrutiny amid recent ...
   [+] Fetched: BREAKING: Nigerian Soldiers, Shortlisted Candidate...
   [+] Fetched: Microbiology graduate celebrates, gains admission ...
   [+] Fetched: 'It's A Lie' – Enugu Church Congregation Confronts...
   [+] Fetched: Can roasted corn generate N2.5 million monthly? Vi...
   [+] Fetched: BREAKING: Terrorists Kill Two Residents, Abduct Se...
   [+] Fetched: No more N1, 075: Dangote slashes petrol price by N...
   [+] Fetched: BREAKING: Two Scrap Metal Scavengers Killed As Exp...
   [+] Fetched: Breaking: Drama in Kaduna ADC over leaked audio as...
   [+] Fetched: EXCLUSIVE: New Terror Group 'Sai Mallam' Imposes N...
   [+] Fetched: Michelle Williams' children: meet the four kids sh...
   [+] Fetched: BREAKING: South Africa Tightens Security, Closes R...
   [+] Fetched: Relief for Nigerians as NNPCL slashes petrol price...
   [+] Fetched: BREAKING: 40 'Repentant' Boko Haram Terrorists Sho...
   [+] Fetched: "Look at a whole Okemesi": Heartbroken man calls f...
   [+] Fetched: BREAKING: Terrorists Abduct Six School Pupils In B...
   [+] Fetched: Robert De Niro's children — all seven kids, all si...
   [+] Fetched: EXCLUSIVE: How IGP Disu's Office, Aide Allegedly S...
   [+] Fetched: Governor Bala mourns aide, ex-deputy governor’s ch...
   [+] Fetched: BREAKING: Nigerian Soldiers Reject Fresh Move To D...
   [+] Fetched: APC to announce Tinubu's 2027 running mate as INEC...
   [+] Fetched: BREAKING: Ekiti Court Orders LG Chairman, Lawmaker...
   [+] Fetched: Lady breaks record in Usmanu Danfodiyo University ...
   [+] Fetched: BREAKING: Court Adjourns Ruling On Sowore’s Applic...
   [+] Fetched: Police launch investigation into Ibadan masquerade...
   [+] Fetched: BREAKING: DSS Operatives Block Lawyers, Supporters...
   [+] Fetched: Nigerian Army shares fresh rescue update on 39 Oyo...
   [+] Fetched: BREAKING: Kaduna Governor Sani's Critic 'Pompo' Ar...
   [+] Fetched: UI student who wanted medicine changes course afte...
   [+] Fetched: 'I Watched Them Kill My Father': Zamfara Boy Vows ...
   [+] Fetched: Phoebe Siegel — What to know about Love Island USA...
   [+] Fetched: How Nigerian State House Paid N194million On Tinub...
   [+] Fetched: Mortuary attendant explains what happens to clothe...
   [+] Fetched: EXCLUSIVE: Lakurawa Terrorists Set N1,500 Bride Pr...
   [+] Fetched: Petrol price drops again as Dangote Refinery spark...
   [+] Fetched: One Year After Receiving NELFUND Appointment Lette...
   [+] Fetched: I married my father’s friend — Then he took into a...
   [+] Fetched: BREAKING: Terrorists Attack Isanlu Road In Kogi, K...
   [+] Fetched: 2026 World Cup: Why England players are allowed to...
   [-] Reached time limit with article from 2026-06-22 00:00:00+00:00. Stopping scrape.
[2026-07-06 10:28:54] [STANDALONE:SAHARA] SUCCESS - Time: 68.48s | Articles: 50

=== Finished! Saved 50 articles to /home/seyi/Documents/Antigravity/NGN site/scraper/data/sahara_data_2026-07-06_10-27-45.csv ===
[2026-07-06 10:28:54] [DOMAIN:SAHARASCRAPER] SUCCESS - Time: 68.49s
   [+] Fetched: Davido shuts down comparisons with The Polygamist ...
   [+] Fetched: 2026 World Cup: Belgium sends warning to FIFA over...
   [+] Fetched: My daughter sent me a package after 15 years — Wha...
   [+] Fetched: NGX records weekly loss as investors take profits,...
[legit] Fetching page 3...
[legit] Found 28 links. Extracting metadata...
   [+] Fetched: Robert De Niro's children — all seven kids, all si...
   [+] Fetched: Governor Bala mourns aide, ex-deputy governor’s ch...
   [+] Fetched: APC to announce Tinubu's 2027 running mate as INEC...
   [+] Fetched: Breaking: Fresh Tension as senate takes action ove...
   [+] Fetched: He cheated in Casa Amor and won her back — Isaiah ...
   [+] Fetched: She put sugar in an ex's gas tank and almost made ...
   [+] Fetched: Davido addresses FIFA World Cup tribute to Oyo sch...
   [+] Fetched: "18 years of waiting": Rykardo Agbor shares emotio...
   [+] Fetched: Called him a mama's boy, and started a love triang...
   [+] Fetched: Primate Ayodele sends strong message to Tinubu, ot...
   [+] Fetched: Is Reese Witherspoon married? — from Ryan Phillipp...
   [+] Fetched: Who is the richest Backstreet Boy? Hint: It's not ...
   [+] Fetched: Ancelotti’s reason for snubbing Vinicius on penalt...
   [+] Fetched: Carlos Queiroz’s salary per game emerges as he qui...
   [+] Fetched: 2026 World Cup: Haaland sets historic record as No...
   [+] Fetched: African Union opens applications for 10 job positi...
   [+] Fetched: Ex-senate president supports UNILORIN 1st-class gr...
   [+] Fetched: Just in: Grief as popular lawyer is found dead in ...
   [+] Fetched: Lady breaks record in Usmanu Danfodiyo University ...
   [+] Fetched: Police launch investigation into Ibadan masquerade...
   [+] Fetched: Dangote, BUA's new cement prices emerge as manufac...
   [+] Fetched: Suswam, others senators who lost APC tickets after...
   [+] Fetched: Uche Ogbodo's marriage under scrutiny amid recent ...
   [+] Fetched: I found my first love’s letters in my late mom’s c...
   [+] Fetched: "Why I left?" Ray Emordi returns to Nollywood mont...
   [+] Fetched: Breaking: 9 farmers killed, many kidnapped as band...
   [+] Fetched: Mystery as woman's body discovered lifeless inside...
   [+] Fetched: Mortuary attendant explains what happens to clothe...
[legit] Fetching page 4...
[legit] Found 28 links. Extracting metadata...
   [+] Fetched: "Mad Max 2’ actor Kjell Nilsson dies at 76 followi...
   [+] Fetched: “YCee's Olodo Uprising exposed a deeper problem in...
   [+] Fetched: Donald Trump celebrates after ordering FIFA to can...
   [+] Fetched: "We appeal to President Tinubu": Youth coalition s...
   [+] Fetched: Nigerian student makes history at Russian medical ...
   [+] Fetched: Mystery as woman's body discovered lifeless inside...
   [+] Fetched: Trump celebrates Balogun's red card suspension ahe...
   [+] Fetched: France and Morocco advance as supercomputer predic...
   [+] Fetched: "Mysterious": Cleric issues global warnings in pro...
   [+] Fetched: Heartbreaking video of Sam Larry's late bouncer's ...
   [+] Fetched: NGX records weekly loss as investors take profits,...
   [+] Fetched: Morocco's World Cup earnings rise after booking qu...
   [+] Fetched: Free internet rollout begins for Kogi federal coll...
   [+] Fetched: Forbes report lists 15 university degrees most lik...
   [+] Fetched: MultiChoice announces new 24-hour sports channel o...
   [+] Fetched: Lady breaks record in Usmanu Danfodiyo University ...
   [+] Fetched: Police launch investigation into Ibadan masquerade...
   [+] Fetched: Nigerian Army shares fresh rescue update on 39 Oyo...
   [+] Fetched: UI student who wanted medicine changes course afte...
   [+] Fetched: Phoebe Siegel — What to know about Love Island USA...
   [+] Fetched: Tinubu's govt threatens action after fresh Killing...
   [+] Fetched: Messi and Ronaldo could win Ballon d'Or again afte...
   [+] Fetched: Uche Ogbodo's marriage under scrutiny amid recent ...
   [+] Fetched: Who is the richest Backstreet Boy? Hint: It's not ...
   [+] Fetched: Reactions trail Hilda Baci's 'Get Ready With Me' v...
   [+] Fetched: Corn seller who claims she makes N2.5 million ever...
   [+] Fetched: “Please note": Nigerian bank announces new charges...
   [+] Fetched: My daughter sent me a package after 15 years — Wha...
[legit] Fetching page 5...
[legit] Found 28 links. Extracting metadata...
   [+] Fetched: Free internet rollout begins for Kogi federal coll...
   [+] Fetched: Forbes report lists 15 university degrees most lik...
   [+] Fetched: MultiChoice announces new 24-hour sports channel o...
   [+] Fetched: Tinubu speaks on only path to addressing Nigeria's...
   [+] Fetched: 2027: NDPF defends Amaechi's position on ADC presi...
   [+] Fetched: Lionel Messi breaks silence on dating rumours with...
   [+] Fetched: Reactions trail Hilda Baci's 'Get Ready With Me' v...
   [+] Fetched: Man writes Elon Musk, begs him to suspend X moneti...
   [+] Fetched: "Practical roadmap": Fintiri endorses Tinubu for a...
   [+] Fetched: Mortuary attendant explains what happens to clothe...
   [+] Fetched: Suspect arrested for attempting car theft outside ...
   [+] Fetched: Glasgow 2026: Team Nigeria receives huge boost 18 ...
   [+] Fetched: FG reacts as Nigerians are killed in South Africa ...
   [+] Fetched: Canada outlines visitor visa rules for internation...
   [+] Fetched: My daughter sent me a package after 15 years — Wha...
   [+] Fetched: African Union opens applications for 10 job positi...
   [+] Fetched: Ex-senate president supports UNILORIN 1st-class gr...
   [+] Fetched: Just in: Grief as popular lawyer is found dead in ...
   [+] Fetched: Lady breaks record in Usmanu Danfodiyo University ...
   [+] Fetched: Police launch investigation into Ibadan masquerade...
   [+] Fetched: Breaking: Presidency breaks silence on appointment...
   [+] Fetched: I married my father’s friend — Then he took into a...
   [+] Fetched: Uche Ogbodo’s husband breaks silence with unsettli...
   [+] Fetched: Nigerian star Ajayi beats world champion with reco...
   [+] Fetched: Breaking: Fresh Tension as senate takes action ove...
   [+] Fetched: Robert De Niro's children — all seven kids, all si...
   [+] Fetched: I found my first love’s letters in my late mom’s c...
   [+] Fetched: Is Reese Witherspoon married? — from Ryan Phillipp...
[legit] Fetching page 6...
[legit] Found 28 links. Extracting metadata...
   [+] Fetched: University of Ibadan student reveals her course, s...
   [+] Fetched: Atiku calls out Tinubu's "recurring features of go...
   [+] Fetched: University of Ibadan admits boy with good WAEC res...
   [+] Fetched: Reactions as Gov Soludo’s son Ozonna dances to dis...
   [+] Fetched: Top Turkish club blocks Super Eagles star from ear...
   [+] Fetched: Davido shuts down comparisons with The Polygamist ...
   [+] Fetched: Economist reviews Nigerian economy performance, sh...
   [+] Fetched: 2027 election: Top Ondo politician forecasts presi...
   [+] Fetched: I found my first love’s letters in my late mom’s c...
   [+] Fetched: Aliko Dangote explains how Nigeria can create 500,...
   [+] Fetched: Breaking: "APC, Tinubu will win in 2027, we have n...
   [+] Fetched: My stepmom destroyed my laptop before my thesis de...
   [+] Fetched: Corn seller who claims she makes N2.5 million ever...
   [+] Fetched: The girl I mistreated became my granddaughter’s te...
   [+] Fetched: Three African countries owe Nigeria N17.45bn in el...
   [+] Fetched: African Union opens applications for 10 job positi...
   [+] Fetched: Ex-senate president supports UNILORIN 1st-class gr...
   [+] Fetched: Just in: Grief as popular lawyer is found dead in ...
   [+] Fetched: Lady breaks record in Usmanu Danfodiyo University ...
   [+] Fetched: Police launch investigation into Ibadan masquerade...
   [+] Fetched: Suswam, others senators who lost APC tickets after...
   [+] Fetched: Nigerians can now download NIN slip free, says NIM...
   [+] Fetched: Mortuary attendant explains what happens to clothe...
   [+] Fetched: Tinubu's govt threatens action after fresh Killing...
   [+] Fetched: Breaking: 9 farmers killed, many kidnapped as band...
   [+] Fetched: Who is the richest Backstreet Boy? Hint: It's not ...
   [+] Fetched: "Why I left?" Ray Emordi returns to Nollywood mont...
   [+] Fetched: France and Morocco advance as supercomputer predic...
[legit] Fetching page 7...
[legit] Found 28 links. Extracting metadata...
   [+] Fetched: Man selling akara since 1998 shares 3 things he ac...
   [+] Fetched: US lawmaker says America will closely watch Nigeri...
   [+] Fetched: "Why I left?" Ray Emordi returns to Nollywood mont...
   [+] Fetched: My dad burned mom’s clothes after she filed for di...
   [+] Fetched: Why Nigeria could lose Eric Chelle as Super Eagles...
Error fetching https://www.legit.ng/business-economy/economy/1717694-naira-holds-firm-n1370-cbn-boosts-fx-liquidity-official-market-sees-improved-stability/: 429 Client Error: Too Many Requests for url: https://www.legit.ng/business-economy/economy/1717694-naira-holds-firm-n1370-cbn-boosts-fx-liquidity-official-market-sees-improved-stability/
   [-] Failed metadata extraction for: https://www.legit.ng/business-economy/economy/1717694-naira-holds-firm-n1370-cbn-boosts-fx-liquidity-official-market-sees-improved-stability/
Error fetching https://www.legit.ng/sports/football/1717654-2026-fifa-world-cup-moroccos-quarter-final-opponent-confirmed-beating-canada/: 429 Client Error: Too Many Requests for url: https://www.legit.ng/sports/football/1717654-2026-fifa-world-cup-moroccos-quarter-final-opponent-confirmed-beating-canada/
   [-] Failed metadata extraction for: https://www.legit.ng/sports/football/1717654-2026-fifa-world-cup-moroccos-quarter-final-opponent-confirmed-beating-canada/
Error fetching https://www.legit.ng/entertainment/nollywood/1717686-mr-ibu-bob-manuel-defends-late-colleague-backlash-life-easier-women-men/: 429 Client Error: Too Many Requests for url: https://www.legit.ng/entertainment/nollywood/1717686-mr-ibu-bob-manuel-defends-late-colleague-backlash-life-easier-women-men/
   [-] Failed metadata extraction for: https://www.legit.ng/entertainment/nollywood/1717686-mr-ibu-bob-manuel-defends-late-colleague-backlash-life-easier-women-men/
Error fetching https://www.legit.ng/business-economy/money/1717682-banks-charges-foreign-currency-transfers/: 429 Client Error: Too Many Requests for url: https://www.legit.ng/business-economy/money/1717682-banks-charges-foreign-currency-transfers/
   [-] Failed metadata extraction for: https://www.legit.ng/business-economy/money/1717682-banks-charges-foreign-currency-transfers/
Error fetching https://www.legit.ng/sports/athletics/1717670-kanyinsola-ajayi-equals-nigerian-100m-record-win-diamond-league-debut/: 429 Client Error: Too Many Requests for url: https://www.legit.ng/sports/athletics/1717670-kanyinsola-ajayi-equals-nigerian-100m-record-win-diamond-league-debut/
   [-] Failed metadata extraction for: https://www.legit.ng/sports/athletics/1717670-kanyinsola-ajayi-equals-nigerian-100m-record-win-diamond-league-debut/
Error fetching https://www.legit.ng/business-economy/energy/1717690-again-filling-stations-reduce-fuel-prices-nationwide-dangote-refinerys-latest-cut/: 429 Client Error: Too Many Requests for url: https://www.legit.ng/business-economy/energy/1717690-again-filling-stations-reduce-fuel-prices-nationwide-dangote-refinerys-latest-cut/
   [-] Failed metadata extraction for: https://www.legit.ng/business-economy/energy/1717690-again-filling-stations-reduce-fuel-prices-nationwide-dangote-refinerys-latest-cut/
Error fetching https://www.legit.ng/people/1717689-woman-hawks-groundnuts-sugar-breaks-tears-shows-lives-i-suffering/: 429 Client Error: Too Many Requests for url: https://www.legit.ng/people/1717689-woman-hawks-groundnuts-sugar-breaks-tears-shows-lives-i-suffering/
   [-] Failed metadata extraction for: https://www.legit.ng/people/1717689-woman-hawks-groundnuts-sugar-breaks-tears-shows-lives-i-suffering/
Error fetching https://www.legit.ng/people/confessions/1717657-i-waking-a-coma-son-exposed-husbands-secret/: 429 Client Error: Too Many Requests for url: https://www.legit.ng/people/confessions/1717657-i-waking-a-coma-son-exposed-husbands-secret/
   [-] Failed metadata extraction for: https://www.legit.ng/people/confessions/1717657-i-waking-a-coma-son-exposed-husbands-secret/
Error fetching https://www.legit.ng/sports/football/1717685-2026-world-cup-fifa-allowing-england-players-blue-pill-viagra-mexico/: 429 Client Error: Too Many Requests for url: https://www.legit.ng/sports/football/1717685-2026-world-cup-fifa-allowing-england-players-blue-pill-viagra-mexico/
   [-] Failed metadata extraction for: https://www.legit.ng/sports/football/1717685-2026-world-cup-fifa-allowing-england-players-blue-pill-viagra-mexico/
Error fetching https://www.legit.ng/politics/1717688-fresh-lawsuit-threatens-ahmad-lawans-2027-senate-bid-yobe/: 429 Client Error: Too Many Requests for url: https://www.legit.ng/politics/1717688-fresh-lawsuit-threatens-ahmad-lawans-2027-senate-bid-yobe/
   [-] Failed metadata extraction for: https://www.legit.ng/politics/1717688-fresh-lawsuit-threatens-ahmad-lawans-2027-senate-bid-yobe/
Error fetching https://www.legit.ng/world/africa/1717791-apply-african-union-opens-application-20-positions-shares-eligibility-requirements-others/: 429 Client Error: Too Many Requests for url: https://www.legit.ng/world/africa/1717791-apply-african-union-opens-application-20-positions-shares-eligibility-requirements-others/
   [-] Failed metadata extraction for: https://www.legit.ng/world/africa/1717791-apply-african-union-opens-application-20-positions-shares-eligibility-requirements-others/
Error fetching https://www.legit.ng/people/1717788-unilorin-class-graduate-earned-scholarship-seeks-dream-true/: 429 Client Error: Too Many Requests for url: https://www.legit.ng/people/1717788-unilorin-class-graduate-earned-scholarship-seeks-dream-true/
   [-] Failed metadata extraction for: https://www.legit.ng/people/1717788-unilorin-class-graduate-earned-scholarship-seeks-dream-true/
Error fetching https://www.legit.ng/world/africa/1717803-just-popular-lawyer-dead-river-details-emerge/: 429 Client Error: Too Many Requests for url: https://www.legit.ng/world/africa/1717803-just-popular-lawyer-dead-river-details-emerge/
   [-] Failed metadata extraction for: https://www.legit.ng/world/africa/1717803-just-popular-lawyer-dead-river-details-emerge/
Error fetching https://www.legit.ng/people/1717804-usmanu-danfodiyo-university-graduate-bags-class-breaks-faculty-record-20-awards/: 429 Client Error: Too Many Requests for url: https://www.legit.ng/people/1717804-usmanu-danfodiyo-university-graduate-bags-class-breaks-faculty-record-20-awards/
   [-] Failed metadata extraction for: https://www.legit.ng/people/1717804-usmanu-danfodiyo-university-graduate-bags-class-breaks-faculty-record-20-awards/
Error fetching https://www.legit.ng/nigeria/1717798-oyo-state-police-arrest-masquerade-ibadan-killing/: 429 Client Error: Too Many Requests for url: https://www.legit.ng/nigeria/1717798-oyo-state-police-arrest-masquerade-ibadan-killing/
   [-] Failed metadata extraction for: https://www.legit.ng/nigeria/1717798-oyo-state-police-arrest-masquerade-ibadan-killing/
Error fetching https://www.legit.ng/business-economy/technology/1717481-7-crypto-firms-nigeria-secure-approval-sec/: 429 Client Error: Too Many Requests for url: https://www.legit.ng/business-economy/technology/1717481-7-crypto-firms-nigeria-secure-approval-sec/
   [-] Failed metadata extraction for: https://www.legit.ng/business-economy/technology/1717481-7-crypto-firms-nigeria-secure-approval-sec/
Error fetching https://www.legit.ng/business-economy/industry/1717418-dangote-cement-breaks-silence-high-cement-prices-dealers-rates-nationwide/: 429 Client Error: Too Many Requests for url: https://www.legit.ng/business-economy/industry/1717418-dangote-cement-breaks-silence-high-cement-prices-dealers-rates-nationwide/
   [-] Failed metadata extraction for: https://www.legit.ng/business-economy/industry/1717418-dangote-cement-breaks-silence-high-cement-prices-dealers-rates-nationwide/
Error fetching https://www.legit.ng/nigeria/1717763-federal-govt-blows-hot-fresh-killing-nigerians-south-africa/: 429 Client Error: Too Many Requests for url: https://www.legit.ng/nigeria/1717763-federal-govt-blows-hot-fresh-killing-nigerians-south-africa/
   [-] Failed metadata extraction for: https://www.legit.ng/nigeria/1717763-federal-govt-blows-hot-fresh-killing-nigerians-south-africa/
Error fetching https://www.legit.ng/people/1717726-mortician-reveals-what-clothes-removed-lifeless-bodies-mortuary/: 429 Client Error: Too Many Requests for url: https://www.legit.ng/people/1717726-mortician-reveals-what-clothes-removed-lifeless-bodies-mortuary/
   [-] Failed metadata extraction for: https://www.legit.ng/people/1717726-mortician-reveals-what-clothes-removed-lifeless-bodies-mortuary/
Error fetching https://www.legit.ng/business-economy/energy/1717774-nnpcl-slashes-petrol-price-cuts-n110-weeks-fuel-costs-falling/: 429 Client Error: Too Many Requests for url: https://www.legit.ng/business-economy/energy/1717774-nnpcl-slashes-petrol-price-cuts-n110-weeks-fuel-costs-falling/
   [-] Failed metadata extraction for: https://www.legit.ng/business-economy/energy/1717774-nnpcl-slashes-petrol-price-cuts-n110-weeks-fuel-costs-falling/
Error fetching https://www.legit.ng/sports/football/1717759-carlos-queirozs-salary-game-ghana-coach-emerges-quits-role-world-cup/: 429 Client Error: Too Many Requests for url: https://www.legit.ng/sports/football/1717759-carlos-queirozs-salary-game-ghana-coach-emerges-quits-role-world-cup/
   [-] Failed metadata extraction for: https://www.legit.ng/sports/football/1717759-carlos-queirozs-salary-game-ghana-coach-emerges-quits-role-world-cup/
Error fetching https://www.legit.ng/sports/football/1717761-revealed-vinicius-doesnt-brazils-penalties-bruno-guimaraes-misses-norway/: 429 Client Error: Too Many Requests for url: https://www.legit.ng/sports/football/1717761-revealed-vinicius-doesnt-brazils-penalties-bruno-guimaraes-misses-norway/
   [-] Failed metadata extraction for: https://www.legit.ng/sports/football/1717761-revealed-vinicius-doesnt-brazils-penalties-bruno-guimaraes-misses-norway/
Error fetching https://www.legit.ng/politics/1717719-alleged-fake-agency-atiku-launches-fresh-attack-tinubus-govt/: 429 Client Error: Too Many Requests for url: https://www.legit.ng/politics/1717719-alleged-fake-agency-atiku-launches-fresh-attack-tinubus-govt/
   [-] Failed metadata extraction for: https://www.legit.ng/politics/1717719-alleged-fake-agency-atiku-launches-fresh-attack-tinubus-govt/
[legit] Fetching page 8...
Error fetching https://www.legit.ng/latest/?page=8: 429 Client Error: Too Many Requests for url: https://www.legit.ng/latest/?page=8
[legit] No links found on page 8. Stopping.
[2026-07-06 10:31:50] [STANDALONE:LEGIT] SUCCESS - Time: 244.56s | Articles: 173

=== Finished! Saved 173 articles to /home/seyi/Documents/Antigravity/NGN site/scraper/data/legit_data_2026-07-06_10-27-45.csv ===
[2026-07-06 10:31:50] [DOMAIN:LEGITSCRAPER] SUCCESS - Time: 244.56s

==================================================
All Domain Structure Scrapes Completed Successfully!
==================================================
Starting all scraping jobs with args: ['-t', '14d']...

==================================================
Running run_wp_scrapers.py -t 14d...
==================================================
[2026-07-06 10:03:01] [ORCHESTRATOR:RUN_WP_SCRAPERS.PY] SUCCESS - Time: 330.33s

[SUCCESS] run_wp_scrapers.py completed.

==================================================
Running run_rss_scrapers.py -t 14d...
==================================================
[2026-07-06 10:27:45] [ORCHESTRATOR:RUN_RSS_SCRAPERS.PY] SUCCESS - Time: 1484.02s

[SUCCESS] run_rss_scrapers.py completed.

==================================================
Running run_domain_scrapers.py -t 14d...
==================================================
[2026-07-06 10:31:50] [ORCHESTRATOR:RUN_DOMAIN_SCRAPERS.PY] SUCCESS - Time: 244.86s

[SUCCESS] run_domain_scrapers.py completed.

All scraping tasks finished! Ready for ingestion.
Warning: You are sending unauthenticated requests to the HF Hub. Please set a HF_TOKEN to enable higher rate limits and faster downloads.
Reading CSV files from /home/seyi/Documents/Antigravity/NGN site/scraper/data
Total unique raw articles read: 33791
Loaded 481 keywords from central file.
Loaded 24 domestic override keywords.
Filtered down to 11230 security-related articles.
Loading SentenceTransformer model...
Loading weights:   0%|          | 0/103 [00:00<?, ?it/s]Loading weights: 100%|██████████| 103/103 [00:00<00:00, 2246.01it/s]
Encoding sentences...
Computing custom distance matrix via fast numpy vectorized broadcasting...
Running Agglomerative Clustering globally with 0.40 threshold...
Gatekeeper: Found 5447 new unclassified clusters.
-> Sending batch 1 (120 items) to LLM (mimo-v2.5)...
-> Sending batch 2 (120 items) to LLM (mimo-v2.5)...
-> Sending batch 3 (120 items) to LLM (mimo-v2.5)...
-> Sending batch 4 (120 items) to LLM (mimo-v2.5)...
-> Sending batch 5 (120 items) to LLM (mimo-v2.5)...
-> Sending batch 6 (120 items) to LLM (mimo-v2.5)...
-> Sending batch 7 (120 items) to LLM (mimo-v2.5)...
-> Sending batch 8 (120 items) to LLM (mimo-v2.5)...
-> Sending batch 9 (120 items) to LLM (mimo-v2.5)...
-> Sending batch 10 (120 items) to LLM (mimo-v2.5)...
-> Sending batch 11 (120 items) to LLM (mimo-v2.5)...
-> Sending batch 12 (120 items) to LLM (mimo-v2.5)...
-> Sending batch 13 (120 items) to LLM (mimo-v2.5)...
-> Sending batch 14 (120 items) to LLM (mimo-v2.5)...
-> Sending batch 15 (120 items) to LLM (mimo-v2.5)...
-> Sending batch 16 (120 items) to LLM (mimo-v2.5)...
-> Sending batch 17 (120 items) to LLM (mimo-v2.5)...
-> Sending batch 18 (120 items) to LLM (mimo-v2.5)...
-> Sending batch 19 (120 items) to LLM (mimo-v2.5)...
-> Sending batch 20 (120 items) to LLM (mimo-v2.5)...
-> Sending batch 21 (120 items) to LLM (mimo-v2.5)...
-> Sending batch 22 (120 items) to LLM (mimo-v2.5)...
-> Sending batch 23 (120 items) to LLM (mimo-v2.5)...
-> Sending batch 24 (120 items) to LLM (mimo-v2.5)...
-> Sending batch 25 (120 items) to LLM (mimo-v2.5)...
-> Sending batch 26 (120 items) to LLM (mimo-v2.5)...
-> Sending batch 27 (120 items) to LLM (mimo-v2.5)...
-> Sending batch 28 (120 items) to LLM (mimo-v2.5)...
-> Sending batch 29 (120 items) to LLM (mimo-v2.5)...
-> Sending batch 30 (120 items) to LLM (mimo-v2.5)...
-> Sending batch 31 (120 items) to LLM (mimo-v2.5)...
-> Sending batch 32 (120 items) to LLM (mimo-v2.5)...
-> Sending batch 33 (120 items) to LLM (mimo-v2.5)...
-> Sending batch 34 (120 items) to LLM (mimo-v2.5)...
-> Sending batch 35 (120 items) to LLM (mimo-v2.5)...
-> Sending batch 36 (120 items) to LLM (mimo-v2.5)...
-> Sending batch 37 (120 items) to LLM (mimo-v2.5)...
-> Sending batch 38 (120 items) to LLM (mimo-v2.5)...
-> Sending batch 39 (120 items) to LLM (mimo-v2.5)...
-> Sending batch 40 (120 items) to LLM (mimo-v2.5)...
-> Sending batch 41 (120 items) to LLM (mimo-v2.5)...
-> Sending batch 42 (120 items) to LLM (mimo-v2.5)...
-> Sending batch 43 (120 items) to LLM (mimo-v2.5)...
-> Sending batch 44 (120 items) to LLM (mimo-v2.5)...
-> Sending batch 45 (120 items) to LLM (mimo-v2.5)...
-> Sending batch 46 (47 items) to LLM (mimo-v2.5)...
Clustering complete. Processed 6931 total clusters across 46 resolved locations.
Results written to /home/seyi/Documents/Antigravity/NGN site/dashboard_viewer/clusters.json
Executive MAF Bias metrics written to /home/seyi/Documents/Antigravity/NGN site/dashboard_viewer/bias_metrics.json
